id,firstname,lastname,email,email2,profession
100,Ardenia,Si,Ardenia.Si@yopmail.com,Ardenia.Si@gmail.com,doctor
101,Anestassia,Ehrman,Anestassia.Ehrman@yopmail.com,Anestassia.Ehrman@gmail.com,firefighter
102,Susan,Linehan,Susan.Linehan@yopmail.com,Susan.Linehan@gmail.com,doctor
103,Sarette,Dorothy,Sarette.Dorothy@yopmail.com,Sarette.Dorothy@gmail.com,worker
104,Barbi,Skell,Barbi.Skell@yopmail.com,Barbi.Skell@gmail.com,doctor
105,Vonny,Narton,Vonny.Narton@yopmail.com,Vonny.Narton@gmail.com,doctor
106,Mady,Wildermuth,Mady.Wildermuth@yopmail.com,Mady.Wildermuth@gmail.com,worker
107,Sheelagh,Ezar,Sheelagh.Ezar@yopmail.com,Sheelagh.Ezar@gmail.com,doctor
108,Liana,Maiah,Liana.Maiah@yopmail.com,Liana.Maiah@gmail.com,doctor
109,Almeta,Meli,Almeta.Meli@yopmail.com,Almeta.Meli@gmail.com,police officer
110,Nita,Karl,Nita.Karl@yopmail.com,Nita.Karl@gmail.com,police officer
111,Doralynne,Euridice,Doralynne.Euridice@yopmail.com,Doralynne.Euridice@gmail.com,worker
112,Rori,Natica,Rori.Natica@yopmail.com,Rori.Natica@gmail.com,firefighter
113,Elyssa,Tippets,Elyssa.Tippets@yopmail.com,Elyssa.Tippets@gmail.com,police officer
114,Hermione,Nahum,Hermione.Nahum@yopmail.com,Hermione.Nahum@gmail.com,worker
115,Malina,Ventre,Malina.Ventre@yopmail.com,Malina.Ventre@gmail.com,police officer
116,Aigneis,Hoban,Aigneis.Hoban@yopmail.com,Aigneis.Hoban@gmail.com,developer
117,Sibella,Wiener,Sibella.Wiener@yopmail.com,Sibella.Wiener@gmail.com,doctor
118,Florencia,Esmaria,Florencia.Esmaria@yopmail.com,Florencia.Esmaria@gmail.com,firefighter
119,Gusella,Egbert,Gusella.Egbert@yopmail.com,Gusella.Egbert@gmail.com,developer
120,Krystle,Daegal,Krystle.Daegal@yopmail.com,Krystle.Daegal@gmail.com,developer
121,Bee,Rudolph,Bee.Rudolph@yopmail.com,Bee.Rudolph@gmail.com,police officer
122,Dawn,Othilia,Dawn.Othilia@yopmail.com,Dawn.Othilia@gmail.com,firefighter
123,Almeta,Ephrem,Almeta.Ephrem@yopmail.com,Almeta.Ephrem@gmail.com,worker
124,Lynde,Hamil,Lynde.Hamil@yopmail.com,Lynde.Hamil@gmail.com,developer
125,Lanna,Seagraves,Lanna.Seagraves@yopmail.com,Lanna.Seagraves@gmail.com,worker
126,Pearline,Fontana,Pearline.Fontana@yopmail.com,Pearline.Fontana@gmail.com,developer
127,Nannie,Kalinda,Nannie.Kalinda@yopmail.com,Nannie.Kalinda@gmail.com,worker
128,Fawne,Decato,Fawne.Decato@yopmail.com,Fawne.Decato@gmail.com,firefighter
129,Kellen,Bord,Kellen.Bord@yopmail.com,Kellen.Bord@gmail.com,worker
130,Nariko,Zina,Nariko.Zina@yopmail.com,Nariko.Zina@gmail.com,doctor
131,Nollie,Marcellus,Nollie.Marcellus@yopmail.com,Nollie.Marcellus@gmail.com,doctor
132,Deloria,Thilda,Deloria.Thilda@yopmail.com,Deloria.Thilda@gmail.com,doctor
133,Brena,Rona,Brena.Rona@yopmail.com,Brena.Rona@gmail.com,police officer
134,Deedee,Bergman,Deedee.Bergman@yopmail.com,Deedee.Bergman@gmail.com,developer
135,Livvyy,Celestine,Livvyy.Celestine@yopmail.com,Livvyy.Celestine@gmail.com,police officer
136,Bertine,Fry,Bertine.Fry@yopmail.com,Bertine.Fry@gmail.com,police officer
137,Gertrud,McNully,Gertrud.McNully@yopmail.com,Gertrud.McNully@gmail.com,police officer
138,Doro,Solitta,Doro.Solitta@yopmail.com,Doro.Solitta@gmail.com,doctor
139,Marti,Stilwell,Marti.Stilwell@yopmail.com,Marti.Stilwell@gmail.com,firefighter
140,Dennie,Dex,Dennie.Dex@yopmail.com,Dennie.Dex@gmail.com,police officer
141,Elise,Gaal,Elise.Gaal@yopmail.com,Elise.Gaal@gmail.com,doctor
142,Odessa,Sekofski,Odessa.Sekofski@yopmail.com,Odessa.Sekofski@gmail.com,police officer
143,Gwenneth,Lareena,Gwenneth.Lareena@yopmail.com,Gwenneth.Lareena@gmail.com,firefighter
144,Verla,Judye,Verla.Judye@yopmail.com,Verla.Judye@gmail.com,developer
145,Tilly,Lia,Tilly.Lia@yopmail.com,Tilly.Lia@gmail.com,doctor
146,Mariele,Sundin,Mariele.Sundin@yopmail.com,Mariele.Sundin@gmail.com,doctor
147,Rori,Mehalek,Rori.Mehalek@yopmail.com,Rori.Mehalek@gmail.com,worker
148,Harmonia,Randene,Harmonia.Randene@yopmail.com,Harmonia.Randene@gmail.com,firefighter
149,Marita,Lymann,Marita.Lymann@yopmail.com,Marita.Lymann@gmail.com,doctor
150,Clary,Raul,Clary.Raul@yopmail.com,Clary.Raul@gmail.com,doctor
151,Cam,Socha,Cam.Socha@yopmail.com,Cam.Socha@gmail.com,worker
152,Cherilyn,Jacqui,Cherilyn.Jacqui@yopmail.com,Cherilyn.Jacqui@gmail.com,developer
153,Atlanta,Gaal,Atlanta.Gaal@yopmail.com,Atlanta.Gaal@gmail.com,developer
154,Sharlene,Faso,Sharlene.Faso@yopmail.com,Sharlene.Faso@gmail.com,developer
155,Lexine,Lymann,Lexine.Lymann@yopmail.com,Lexine.Lymann@gmail.com,worker
156,Anallese,Trace,Anallese.Trace@yopmail.com,Anallese.Trace@gmail.com,doctor
157,Paule,Franza,Paule.Franza@yopmail.com,Paule.Franza@gmail.com,developer
158,Rivalee,Halla,Rivalee.Halla@yopmail.com,Rivalee.Halla@gmail.com,doctor
159,Fanny,Phaidra,Fanny.Phaidra@yopmail.com,Fanny.Phaidra@gmail.com,developer
160,Donetta,Cloris,Donetta.Cloris@yopmail.com,Donetta.Cloris@gmail.com,doctor
161,Maye,My,Maye.My@yopmail.com,Maye.My@gmail.com,developer
162,Felice,Oneida,Felice.Oneida@yopmail.com,Felice.Oneida@gmail.com,worker
163,Kore,Carvey,Kore.Carvey@yopmail.com,Kore.Carvey@gmail.com,firefighter
164,Lonnie,Luhe,Lonnie.Luhe@yopmail.com,Lonnie.Luhe@gmail.com,developer
165,Alisha,Screens,Alisha.Screens@yopmail.com,Alisha.Screens@gmail.com,doctor
166,Lily,Frodi,Lily.Frodi@yopmail.com,Lily.Frodi@gmail.com,police officer
167,Nananne,Rozanna,Nananne.Rozanna@yopmail.com,Nananne.Rozanna@gmail.com,worker
168,Layla,Johanna,Layla.Johanna@yopmail.com,Layla.Johanna@gmail.com,doctor
169,Tierney,Norrie,Tierney.Norrie@yopmail.com,Tierney.Norrie@gmail.com,developer
170,Cyndie,Weinreb,Cyndie.Weinreb@yopmail.com,Cyndie.Weinreb@gmail.com,worker
171,Emilia,Dyche,Emilia.Dyche@yopmail.com,Emilia.Dyche@gmail.com,worker
172,Estell,Miru,Estell.Miru@yopmail.com,Estell.Miru@gmail.com,firefighter
173,Lindie,Guthrie,Lindie.Guthrie@yopmail.com,Lindie.Guthrie@gmail.com,firefighter
174,Latisha,Hortensia,Latisha.Hortensia@yopmail.com,Latisha.Hortensia@gmail.com,developer
175,Marinna,Sisile,Marinna.Sisile@yopmail.com,Marinna.Sisile@gmail.com,doctor
176,Aimil,Goth,Aimil.Goth@yopmail.com,Aimil.Goth@gmail.com,doctor
177,Demetris,Dyche,Demetris.Dyche@yopmail.com,Demetris.Dyche@gmail.com,police officer
178,Beverley,Edee,Beverley.Edee@yopmail.com,Beverley.Edee@gmail.com,firefighter
179,Codie,Naor,Codie.Naor@yopmail.com,Codie.Naor@gmail.com,worker
180,Paola,Lilybelle,Paola.Lilybelle@yopmail.com,Paola.Lilybelle@gmail.com,firefighter
181,Maisey,Naor,Maisey.Naor@yopmail.com,Maisey.Naor@gmail.com,developer
182,Wilma,Noman,Wilma.Noman@yopmail.com,Wilma.Noman@gmail.com,developer
183,Renie,Liebermann,Renie.Liebermann@yopmail.com,Renie.Liebermann@gmail.com,firefighter
184,Georgina,Cadmar,Georgina.Cadmar@yopmail.com,Georgina.Cadmar@gmail.com,firefighter
185,Gwenneth,Kirbee,Gwenneth.Kirbee@yopmail.com,Gwenneth.Kirbee@gmail.com,doctor
186,Chrystel,Ogren,Chrystel.Ogren@yopmail.com,Chrystel.Ogren@gmail.com,developer
187,Myrtice,Rona,Myrtice.Rona@yopmail.com,Myrtice.Rona@gmail.com,worker
188,Rosanne,Virgin,Rosanne.Virgin@yopmail.com,Rosanne.Virgin@gmail.com,doctor
189,Camile,Breed,Camile.Breed@yopmail.com,Camile.Breed@gmail.com,doctor
190,Wilma,Jacinda,Wilma.Jacinda@yopmail.com,Wilma.Jacinda@gmail.com,police officer
191,Penelopa,Noam,Penelopa.Noam@yopmail.com,Penelopa.Noam@gmail.com,worker
192,Cristabel,Elvyn,Cristabel.Elvyn@yopmail.com,Cristabel.Elvyn@gmail.com,worker
193,Laurene,Yuille,Laurene.Yuille@yopmail.com,Laurene.Yuille@gmail.com,firefighter
194,Esmeralda,Oster,Esmeralda.Oster@yopmail.com,Esmeralda.Oster@gmail.com,firefighter
195,Kaja,Haerr,Kaja.Haerr@yopmail.com,Kaja.Haerr@gmail.com,doctor
196,Britni,Garlinda,Britni.Garlinda@yopmail.com,Britni.Garlinda@gmail.com,developer
197,Zsa Zsa,Sherfield,Zsa Zsa.Sherfield@yopmail.com,Zsa Zsa.Sherfield@gmail.com,police officer
198,Anestassia,Ingra,Anestassia.Ingra@yopmail.com,Anestassia.Ingra@gmail.com,developer
199,Carolina,Merriott,Carolina.Merriott@yopmail.com,Carolina.Merriott@gmail.com,doctor
200,Deloria,Colbert,Deloria.Colbert@yopmail.com,Deloria.Colbert@gmail.com,worker
201,Lynea,Kinnard,Lynea.Kinnard@yopmail.com,Lynea.Kinnard@gmail.com,developer
202,Dorthy,Jacobah,Dorthy.Jacobah@yopmail.com,Dorthy.Jacobah@gmail.com,doctor
203,Tersina,Pauly,Tersina.Pauly@yopmail.com,Tersina.Pauly@gmail.com,developer
204,Tatiania,Cimbura,Tatiania.Cimbura@yopmail.com,Tatiania.Cimbura@gmail.com,doctor
205,Sabina,Chem,Sabina.Chem@yopmail.com,Sabina.Chem@gmail.com,firefighter
206,Zsa Zsa,Orpah,Zsa Zsa.Orpah@yopmail.com,Zsa Zsa.Orpah@gmail.com,doctor
207,Fredericka,Rillings,Fredericka.Rillings@yopmail.com,Fredericka.Rillings@gmail.com,police officer
208,Mureil,Shelba,Mureil.Shelba@yopmail.com,Mureil.Shelba@gmail.com,worker
209,Demetris,Zachary,Demetris.Zachary@yopmail.com,Demetris.Zachary@gmail.com,developer
210,Fayre,Maroney,Fayre.Maroney@yopmail.com,Fayre.Maroney@gmail.com,worker
211,Tierney,Kiersten,Tierney.Kiersten@yopmail.com,Tierney.Kiersten@gmail.com,developer
212,Alejandra,Frendel,Alejandra.Frendel@yopmail.com,Alejandra.Frendel@gmail.com,doctor
213,Marline,Dunkin,Marline.Dunkin@yopmail.com,Marline.Dunkin@gmail.com,firefighter
214,Robinia,Chrystel,Robinia.Chrystel@yopmail.com,Robinia.Chrystel@gmail.com,police officer
215,Myriam,Crudden,Myriam.Crudden@yopmail.com,Myriam.Crudden@gmail.com,doctor
216,Allis,Beebe,Allis.Beebe@yopmail.com,Allis.Beebe@gmail.com,worker
217,Feliza,Yuille,Feliza.Yuille@yopmail.com,Feliza.Yuille@gmail.com,firefighter
218,Sybille,Heidt,Sybille.Heidt@yopmail.com,Sybille.Heidt@gmail.com,firefighter
219,Gianina,Cordi,Gianina.Cordi@yopmail.com,Gianina.Cordi@gmail.com,firefighter
220,Kassey,Dunkin,Kassey.Dunkin@yopmail.com,Kassey.Dunkin@gmail.com,doctor
221,Lory,Gemini,Lory.Gemini@yopmail.com,Lory.Gemini@gmail.com,doctor
222,Melisent,Tatianas,Melisent.Tatianas@yopmail.com,Melisent.Tatianas@gmail.com,doctor
223,Janey,Myrilla,Janey.Myrilla@yopmail.com,Janey.Myrilla@gmail.com,developer
224,Bernie,Chandler,Bernie.Chandler@yopmail.com,Bernie.Chandler@gmail.com,firefighter
225,Chloris,Ax,Chloris.Ax@yopmail.com,Chloris.Ax@gmail.com,doctor
226,Gisela,Felecia,Gisela.Felecia@yopmail.com,Gisela.Felecia@gmail.com,firefighter
227,Genevra,Ardeha,Genevra.Ardeha@yopmail.com,Genevra.Ardeha@gmail.com,police officer
228,Jackie,Olnee,Jackie.Olnee@yopmail.com,Jackie.Olnee@gmail.com,developer
229,Almeta,Aloise,Almeta.Aloise@yopmail.com,Almeta.Aloise@gmail.com,worker
230,Fernande,Dituri,Fernande.Dituri@yopmail.com,Fernande.Dituri@gmail.com,developer
231,Laure,Elsinore,Laure.Elsinore@yopmail.com,Laure.Elsinore@gmail.com,doctor
232,Perry,Riva,Perry.Riva@yopmail.com,Perry.Riva@gmail.com,worker
233,Di,Rubie,Di.Rubie@yopmail.com,Di.Rubie@gmail.com,police officer
234,Lexine,Izaak,Lexine.Izaak@yopmail.com,Lexine.Izaak@gmail.com,doctor
235,Rosabelle,Alcott,Rosabelle.Alcott@yopmail.com,Rosabelle.Alcott@gmail.com,developer
236,Kimberley,Kellby,Kimberley.Kellby@yopmail.com,Kimberley.Kellby@gmail.com,developer
237,Ekaterina,Hermes,Ekaterina.Hermes@yopmail.com,Ekaterina.Hermes@gmail.com,doctor
238,Gusella,Turne,Gusella.Turne@yopmail.com,Gusella.Turne@gmail.com,developer
239,Orsola,Libna,Orsola.Libna@yopmail.com,Orsola.Libna@gmail.com,doctor
240,Marti,Marisa,Marti.Marisa@yopmail.com,Marti.Marisa@gmail.com,doctor
241,Anallese,Kevon,Anallese.Kevon@yopmail.com,Anallese.Kevon@gmail.com,doctor
242,Marsiella,Artie,Marsiella.Artie@yopmail.com,Marsiella.Artie@gmail.com,developer
243,Annabela,Louanna,Annabela.Louanna@yopmail.com,Annabela.Louanna@gmail.com,developer
244,Esmeralda,Land,Esmeralda.Land@yopmail.com,Esmeralda.Land@gmail.com,firefighter
245,Daphne,Ogren,Daphne.Ogren@yopmail.com,Daphne.Ogren@gmail.com,doctor
246,Vere,Pitt,Vere.Pitt@yopmail.com,Vere.Pitt@gmail.com,worker
247,Deirdre,Truc,Deirdre.Truc@yopmail.com,Deirdre.Truc@gmail.com,doctor
248,Diena,Wilona,Diena.Wilona@yopmail.com,Diena.Wilona@gmail.com,firefighter
249,Elbertina,Himelman,Elbertina.Himelman@yopmail.com,Elbertina.Himelman@gmail.com,worker
250,Gaylene,Casimir,Gaylene.Casimir@yopmail.com,Gaylene.Casimir@gmail.com,doctor
251,Evita,Riva,Evita.Riva@yopmail.com,Evita.Riva@gmail.com,firefighter
252,Alexine,Pelagias,Alexine.Pelagias@yopmail.com,Alexine.Pelagias@gmail.com,police officer
253,Rosaline,Braun,Rosaline.Braun@yopmail.com,Rosaline.Braun@gmail.com,police officer
254,Briney,Goth,Briney.Goth@yopmail.com,Briney.Goth@gmail.com,doctor
255,Aili,Caitlin,Aili.Caitlin@yopmail.com,Aili.Caitlin@gmail.com,firefighter
256,Merrie,Toor,Merrie.Toor@yopmail.com,Merrie.Toor@gmail.com,developer
257,Tomasina,Ortrude,Tomasina.Ortrude@yopmail.com,Tomasina.Ortrude@gmail.com,developer
258,Marika,Skurnik,Marika.Skurnik@yopmail.com,Marika.Skurnik@gmail.com,developer
259,Collen,Yerkovich,Collen.Yerkovich@yopmail.com,Collen.Yerkovich@gmail.com,police officer
260,Tabbatha,Presber,Tabbatha.Presber@yopmail.com,Tabbatha.Presber@gmail.com,doctor
261,Elsie,Linskey,Elsie.Linskey@yopmail.com,Elsie.Linskey@gmail.com,worker
262,Maridel,Stevy,Maridel.Stevy@yopmail.com,Maridel.Stevy@gmail.com,police officer
263,Sadie,Gabrielli,Sadie.Gabrielli@yopmail.com,Sadie.Gabrielli@gmail.com,worker
264,Noelle,Ackerley,Noelle.Ackerley@yopmail.com,Noelle.Ackerley@gmail.com,police officer
265,Kellen,Hartnett,Kellen.Hartnett@yopmail.com,Kellen.Hartnett@gmail.com,worker
266,Valli,Woodberry,Valli.Woodberry@yopmail.com,Valli.Woodberry@gmail.com,doctor
267,Imojean,Roche,Imojean.Roche@yopmail.com,Imojean.Roche@gmail.com,doctor
268,Ilse,Maples,Ilse.Maples@yopmail.com,Ilse.Maples@gmail.com,developer
269,Patricia,Phaidra,Patricia.Phaidra@yopmail.com,Patricia.Phaidra@gmail.com,police officer
270,Jere,Yusuk,Jere.Yusuk@yopmail.com,Jere.Yusuk@gmail.com,firefighter
271,Leona,Ashok,Leona.Ashok@yopmail.com,Leona.Ashok@gmail.com,doctor
272,Fidelia,Elisha,Fidelia.Elisha@yopmail.com,Fidelia.Elisha@gmail.com,police officer
273,Gilda,Giff,Gilda.Giff@yopmail.com,Gilda.Giff@gmail.com,firefighter
274,Nadine,Rhu,Nadine.Rhu@yopmail.com,Nadine.Rhu@gmail.com,police officer
275,Aryn,Delp,Aryn.Delp@yopmail.com,Aryn.Delp@gmail.com,doctor
276,Brianna,Plato,Brianna.Plato@yopmail.com,Brianna.Plato@gmail.com,firefighter
277,Pamella,Carbo,Pamella.Carbo@yopmail.com,Pamella.Carbo@gmail.com,developer
278,Steffane,Weaks,Steffane.Weaks@yopmail.com,Steffane.Weaks@gmail.com,doctor
279,Asia,Blisse,Asia.Blisse@yopmail.com,Asia.Blisse@gmail.com,worker
280,Max,Meter,Max.Meter@yopmail.com,Max.Meter@gmail.com,firefighter
281,Winny,Raul,Winny.Raul@yopmail.com,Winny.Raul@gmail.com,police officer
282,Ricky,Christine,Ricky.Christine@yopmail.com,Ricky.Christine@gmail.com,doctor
283,Mahalia,Torray,Mahalia.Torray@yopmail.com,Mahalia.Torray@gmail.com,developer
284,Kaia,Alarise,Kaia.Alarise@yopmail.com,Kaia.Alarise@gmail.com,firefighter
285,Sarette,Yerkovich,Sarette.Yerkovich@yopmail.com,Sarette.Yerkovich@gmail.com,developer
286,Blondelle,Edmund,Blondelle.Edmund@yopmail.com,Blondelle.Edmund@gmail.com,doctor
287,Ivett,Brenn,Ivett.Brenn@yopmail.com,Ivett.Brenn@gmail.com,police officer
288,Ilse,Alva,Ilse.Alva@yopmail.com,Ilse.Alva@gmail.com,police officer
289,Justinn,Yate,Justinn.Yate@yopmail.com,Justinn.Yate@gmail.com,developer
290,Melodie,Cordi,Melodie.Cordi@yopmail.com,Melodie.Cordi@gmail.com,doctor
291,Mary,Kalinda,Mary.Kalinda@yopmail.com,Mary.Kalinda@gmail.com,police officer
292,Queenie,Kazimir,Queenie.Kazimir@yopmail.com,Queenie.Kazimir@gmail.com,doctor
293,Trixi,Orpah,Trixi.Orpah@yopmail.com,Trixi.Orpah@gmail.com,firefighter
294,Carmencita,Winthorpe,Carmencita.Winthorpe@yopmail.com,Carmencita.Winthorpe@gmail.com,developer
295,Janenna,Miru,Janenna.Miru@yopmail.com,Janenna.Miru@gmail.com,doctor
296,Kirbee,Couture,Kirbee.Couture@yopmail.com,Kirbee.Couture@gmail.com,police officer
297,Therine,Pattin,Therine.Pattin@yopmail.com,Therine.Pattin@gmail.com,doctor
298,Elka,Johnsson,Elka.Johnsson@yopmail.com,Elka.Johnsson@gmail.com,developer
299,Mignon,Telfer,Mignon.Telfer@yopmail.com,Mignon.Telfer@gmail.com,firefighter
300,Damaris,Glenden,Damaris.Glenden@yopmail.com,Damaris.Glenden@gmail.com,police officer
301,Cristine,Euridice,Cristine.Euridice@yopmail.com,Cristine.Euridice@gmail.com,doctor
302,Mary,Wind,Mary.Wind@yopmail.com,Mary.Wind@gmail.com,doctor
303,Eolanda,Jary,Eolanda.Jary@yopmail.com,Eolanda.Jary@gmail.com,firefighter
304,Mellicent,Merell,Mellicent.Merell@yopmail.com,Mellicent.Merell@gmail.com,worker
305,Kylynn,Goerke,Kylynn.Goerke@yopmail.com,Kylynn.Goerke@gmail.com,worker
306,Florie,Erminia,Florie.Erminia@yopmail.com,Florie.Erminia@gmail.com,firefighter
307,Sherrie,Peg,Sherrie.Peg@yopmail.com,Sherrie.Peg@gmail.com,developer
308,Emmey,An,Emmey.An@yopmail.com,Emmey.An@gmail.com,worker
309,Alameda,Taima,Alameda.Taima@yopmail.com,Alameda.Taima@gmail.com,police officer
310,Kate,Yusuk,Kate.Yusuk@yopmail.com,Kate.Yusuk@gmail.com,developer
311,Rani,Rodmann,Rani.Rodmann@yopmail.com,Rani.Rodmann@gmail.com,firefighter
312,Yolane,Eldrid,Yolane.Eldrid@yopmail.com,Yolane.Eldrid@gmail.com,worker
313,Sean,Niles,Sean.Niles@yopmail.com,Sean.Niles@gmail.com,doctor
314,Charissa,Peg,Charissa.Peg@yopmail.com,Charissa.Peg@gmail.com,developer
315,Claudina,Thilda,Claudina.Thilda@yopmail.com,Claudina.Thilda@gmail.com,developer
316,Dennie,Goode,Dennie.Goode@yopmail.com,Dennie.Goode@gmail.com,developer
317,Candy,Geffner,Candy.Geffner@yopmail.com,Candy.Geffner@gmail.com,police officer
318,Etta,Hoban,Etta.Hoban@yopmail.com,Etta.Hoban@gmail.com,worker
319,Britte,Jobi,Britte.Jobi@yopmail.com,Britte.Jobi@gmail.com,doctor
320,Mureil,Vivle,Mureil.Vivle@yopmail.com,Mureil.Vivle@gmail.com,developer
321,Lita,Fleeta,Lita.Fleeta@yopmail.com,Lita.Fleeta@gmail.com,worker
322,Marika,Joachim,Marika.Joachim@yopmail.com,Marika.Joachim@gmail.com,police officer
323,Sarette,Goddard,Sarette.Goddard@yopmail.com,Sarette.Goddard@gmail.com,doctor
324,Bill,Catie,Bill.Catie@yopmail.com,Bill.Catie@gmail.com,doctor
325,Oona,Bahr,Oona.Bahr@yopmail.com,Oona.Bahr@gmail.com,doctor
326,Nicoli,Cassius,Nicoli.Cassius@yopmail.com,Nicoli.Cassius@gmail.com,firefighter
327,Steffane,Ammann,Steffane.Ammann@yopmail.com,Steffane.Ammann@gmail.com,police officer
328,Katleen,Niles,Katleen.Niles@yopmail.com,Katleen.Niles@gmail.com,doctor
329,Kathy,Adrienne,Kathy.Adrienne@yopmail.com,Kathy.Adrienne@gmail.com,doctor
330,Dede,Shama,Dede.Shama@yopmail.com,Dede.Shama@gmail.com,developer
331,Sibella,Hirsch,Sibella.Hirsch@yopmail.com,Sibella.Hirsch@gmail.com,developer
332,Dale,Boehike,Dale.Boehike@yopmail.com,Dale.Boehike@gmail.com,firefighter
333,Monika,Ahab,Monika.Ahab@yopmail.com,Monika.Ahab@gmail.com,worker
334,Concettina,Horan,Concettina.Horan@yopmail.com,Concettina.Horan@gmail.com,worker
335,Mariele,Rozanna,Mariele.Rozanna@yopmail.com,Mariele.Rozanna@gmail.com,worker
336,Chandra,Kristi,Chandra.Kristi@yopmail.com,Chandra.Kristi@gmail.com,doctor
337,Leia,Jobi,Leia.Jobi@yopmail.com,Leia.Jobi@gmail.com,developer
338,Stevana,Schwejda,Stevana.Schwejda@yopmail.com,Stevana.Schwejda@gmail.com,firefighter
339,Cherrita,Fiester,Cherrita.Fiester@yopmail.com,Cherrita.Fiester@gmail.com,firefighter
340,Verla,Voletta,Verla.Voletta@yopmail.com,Verla.Voletta@gmail.com,firefighter
341,Ann-Marie,Cressida,Ann-Marie.Cressida@yopmail.com,Ann-Marie.Cressida@gmail.com,worker
342,Beatriz,Leopold,Beatriz.Leopold@yopmail.com,Beatriz.Leopold@gmail.com,doctor
343,Gertrud,Tice,Gertrud.Tice@yopmail.com,Gertrud.Tice@gmail.com,developer
344,Gaylene,Niccolo,Gaylene.Niccolo@yopmail.com,Gaylene.Niccolo@gmail.com,police officer
345,Lynnea,Alrich,Lynnea.Alrich@yopmail.com,Lynnea.Alrich@gmail.com,police officer
346,Dulcinea,Baudin,Dulcinea.Baudin@yopmail.com,Dulcinea.Baudin@gmail.com,police officer
347,Olwen,Shaddock,Olwen.Shaddock@yopmail.com,Olwen.Shaddock@gmail.com,developer
348,Marita,Lilas,Marita.Lilas@yopmail.com,Marita.Lilas@gmail.com,developer
349,Sandie,Neva,Sandie.Neva@yopmail.com,Sandie.Neva@gmail.com,worker
350,Ileana,Trey,Ileana.Trey@yopmail.com,Ileana.Trey@gmail.com,police officer
351,Collen,Ovid,Collen.Ovid@yopmail.com,Collen.Ovid@gmail.com,doctor
352,Joelly,Tamar,Joelly.Tamar@yopmail.com,Joelly.Tamar@gmail.com,developer
353,Marcelline,Brackely,Marcelline.Brackely@yopmail.com,Marcelline.Brackely@gmail.com,developer
354,Bertine,Firmin,Bertine.Firmin@yopmail.com,Bertine.Firmin@gmail.com,developer
355,Di,O'Neill,Di.O'Neill@yopmail.com,Di.O'Neill@gmail.com,firefighter
356,Pearline,Barrus,Pearline.Barrus@yopmail.com,Pearline.Barrus@gmail.com,firefighter
357,Selia,Tice,Selia.Tice@yopmail.com,Selia.Tice@gmail.com,doctor
358,Jaime,Larochelle,Jaime.Larochelle@yopmail.com,Jaime.Larochelle@gmail.com,worker
359,Fayre,Roxanna,Fayre.Roxanna@yopmail.com,Fayre.Roxanna@gmail.com,worker
360,Verla,Thema,Verla.Thema@yopmail.com,Verla.Thema@gmail.com,police officer
361,Lucille,Mandler,Lucille.Mandler@yopmail.com,Lucille.Mandler@gmail.com,worker
362,Helsa,Dom,Helsa.Dom@yopmail.com,Helsa.Dom@gmail.com,police officer
363,Gale,Cleo,Gale.Cleo@yopmail.com,Gale.Cleo@gmail.com,police officer
364,Mellicent,Toffic,Mellicent.Toffic@yopmail.com,Mellicent.Toffic@gmail.com,developer
365,Neila,Jena,Neila.Jena@yopmail.com,Neila.Jena@gmail.com,worker
366,Ingrid,Richers,Ingrid.Richers@yopmail.com,Ingrid.Richers@gmail.com,firefighter
367,Alleen,Azeria,Alleen.Azeria@yopmail.com,Alleen.Azeria@gmail.com,doctor
368,Vanessa,Anastatius,Vanessa.Anastatius@yopmail.com,Vanessa.Anastatius@gmail.com,worker
369,Flo,Arquit,Flo.Arquit@yopmail.com,Flo.Arquit@gmail.com,doctor
370,Sandie,Levey,Sandie.Levey@yopmail.com,Sandie.Levey@gmail.com,worker
371,Edith,Klemperer,Edith.Klemperer@yopmail.com,Edith.Klemperer@gmail.com,worker
372,Debee,Leifeste,Debee.Leifeste@yopmail.com,Debee.Leifeste@gmail.com,firefighter
373,Nadine,Hubert,Nadine.Hubert@yopmail.com,Nadine.Hubert@gmail.com,developer
374,Inga,Gemini,Inga.Gemini@yopmail.com,Inga.Gemini@gmail.com,firefighter
375,Konstance,Kesley,Konstance.Kesley@yopmail.com,Konstance.Kesley@gmail.com,police officer
376,Etta,Skell,Etta.Skell@yopmail.com,Etta.Skell@gmail.com,worker
377,Thalia,Honoria,Thalia.Honoria@yopmail.com,Thalia.Honoria@gmail.com,developer
378,Robbi,Celestine,Robbi.Celestine@yopmail.com,Robbi.Celestine@gmail.com,developer
379,Amii,Ummersen,Amii.Ummersen@yopmail.com,Amii.Ummersen@gmail.com,worker
380,Etta,Campball,Etta.Campball@yopmail.com,Etta.Campball@gmail.com,police officer
381,Susette,Burch,Susette.Burch@yopmail.com,Susette.Burch@gmail.com,firefighter
382,Maud,Raseda,Maud.Raseda@yopmail.com,Maud.Raseda@gmail.com,doctor
383,Cristabel,Allys,Cristabel.Allys@yopmail.com,Cristabel.Allys@gmail.com,worker
384,Alameda,Matthew,Alameda.Matthew@yopmail.com,Alameda.Matthew@gmail.com,firefighter
385,Britte,Hashim,Britte.Hashim@yopmail.com,Britte.Hashim@gmail.com,police officer
386,Jennica,Remmer,Jennica.Remmer@yopmail.com,Jennica.Remmer@gmail.com,developer
387,Morganica,Linskey,Morganica.Linskey@yopmail.com,Morganica.Linskey@gmail.com,doctor
388,Gui,O'Rourke,Gui.O'Rourke@yopmail.com,Gui.O'Rourke@gmail.com,firefighter
389,Rani,Jacqui,Rani.Jacqui@yopmail.com,Rani.Jacqui@gmail.com,police officer
390,Lelah,Teddman,Lelah.Teddman@yopmail.com,Lelah.Teddman@gmail.com,worker
391,Christal,Whittaker,Christal.Whittaker@yopmail.com,Christal.Whittaker@gmail.com,worker
392,Cacilie,Carmena,Cacilie.Carmena@yopmail.com,Cacilie.Carmena@gmail.com,worker
393,Moyna,Bendick,Moyna.Bendick@yopmail.com,Moyna.Bendick@gmail.com,worker
394,Drucie,Armanda,Drucie.Armanda@yopmail.com,Drucie.Armanda@gmail.com,doctor
395,Emma,Olympium,Emma.Olympium@yopmail.com,Emma.Olympium@gmail.com,worker
396,Joleen,Argus,Joleen.Argus@yopmail.com,Joleen.Argus@gmail.com,developer
397,Melodie,Norvol,Melodie.Norvol@yopmail.com,Melodie.Norvol@gmail.com,police officer
398,Raina,Dawkins,Raina.Dawkins@yopmail.com,Raina.Dawkins@gmail.com,worker
399,Concettina,Sidonius,Concettina.Sidonius@yopmail.com,Concettina.Sidonius@gmail.com,firefighter
400,Ezmeralda,Belldas,Ezmeralda.Belldas@yopmail.com,Ezmeralda.Belldas@gmail.com,police officer
401,Dominga,Loleta,Dominga.Loleta@yopmail.com,Dominga.Loleta@gmail.com,doctor
402,Jinny,Tremayne,Jinny.Tremayne@yopmail.com,Jinny.Tremayne@gmail.com,developer
403,Madalyn,Maxi,Madalyn.Maxi@yopmail.com,Madalyn.Maxi@gmail.com,firefighter
404,Nita,Solitta,Nita.Solitta@yopmail.com,Nita.Solitta@gmail.com,police officer
405,Cyb,Koehler,Cyb.Koehler@yopmail.com,Cyb.Koehler@gmail.com,worker
406,Queenie,Malanie,Queenie.Malanie@yopmail.com,Queenie.Malanie@gmail.com,doctor
407,Lila,Gert,Lila.Gert@yopmail.com,Lila.Gert@gmail.com,doctor
408,Sharlene,Anyah,Sharlene.Anyah@yopmail.com,Sharlene.Anyah@gmail.com,firefighter
409,Sidoney,Poll,Sidoney.Poll@yopmail.com,Sidoney.Poll@gmail.com,worker
410,Marjie,Joni,Marjie.Joni@yopmail.com,Marjie.Joni@gmail.com,worker
411,Vinita,Horan,Vinita.Horan@yopmail.com,Vinita.Horan@gmail.com,worker
412,Candi,Tufts,Candi.Tufts@yopmail.com,Candi.Tufts@gmail.com,doctor
413,Yolane,Kenwood,Yolane.Kenwood@yopmail.com,Yolane.Kenwood@gmail.com,firefighter
414,Kara-Lynn,McLaughlin,Kara-Lynn.McLaughlin@yopmail.com,Kara-Lynn.McLaughlin@gmail.com,firefighter
415,Bernardine,Norvol,Bernardine.Norvol@yopmail.com,Bernardine.Norvol@gmail.com,firefighter
416,Elfreda,Peg,Elfreda.Peg@yopmail.com,Elfreda.Peg@gmail.com,police officer
417,Maryellen,Brittani,Maryellen.Brittani@yopmail.com,Maryellen.Brittani@gmail.com,firefighter
418,Suzette,Avi,Suzette.Avi@yopmail.com,Suzette.Avi@gmail.com,worker
419,Brietta,Reinke,Brietta.Reinke@yopmail.com,Brietta.Reinke@gmail.com,doctor
420,Kathy,Pond,Kathy.Pond@yopmail.com,Kathy.Pond@gmail.com,worker
421,Gisela,Meter,Gisela.Meter@yopmail.com,Gisela.Meter@gmail.com,doctor
422,Theodora,Juan,Theodora.Juan@yopmail.com,Theodora.Juan@gmail.com,police officer
423,Aaren,Lumbard,Aaren.Lumbard@yopmail.com,Aaren.Lumbard@gmail.com,police officer
424,Cristabel,Blake,Cristabel.Blake@yopmail.com,Cristabel.Blake@gmail.com,doctor
425,Hermione,Swanhildas,Hermione.Swanhildas@yopmail.com,Hermione.Swanhildas@gmail.com,worker
426,Arlina,Calhoun,Arlina.Calhoun@yopmail.com,Arlina.Calhoun@gmail.com,developer
427,Dulce,Sadowski,Dulce.Sadowski@yopmail.com,Dulce.Sadowski@gmail.com,firefighter
428,Ana,Maurine,Ana.Maurine@yopmail.com,Ana.Maurine@gmail.com,worker
429,Ericka,Connelly,Ericka.Connelly@yopmail.com,Ericka.Connelly@gmail.com,worker
430,Aeriela,Socha,Aeriela.Socha@yopmail.com,Aeriela.Socha@gmail.com,doctor
431,Delilah,Paton,Delilah.Paton@yopmail.com,Delilah.Paton@gmail.com,worker
432,Damaris,Kimmie,Damaris.Kimmie@yopmail.com,Damaris.Kimmie@gmail.com,firefighter
433,Janey,Hirsch,Janey.Hirsch@yopmail.com,Janey.Hirsch@gmail.com,worker
434,Cristine,Rosette,Cristine.Rosette@yopmail.com,Cristine.Rosette@gmail.com,police officer
435,Hayley,Jaylene,Hayley.Jaylene@yopmail.com,Hayley.Jaylene@gmail.com,police officer
436,Tatiania,Liebermann,Tatiania.Liebermann@yopmail.com,Tatiania.Liebermann@gmail.com,developer
437,Lorne,Ledah,Lorne.Ledah@yopmail.com,Lorne.Ledah@gmail.com,worker
438,Norine,Kenwood,Norine.Kenwood@yopmail.com,Norine.Kenwood@gmail.com,worker
439,Ira,Ardeha,Ira.Ardeha@yopmail.com,Ira.Ardeha@gmail.com,doctor
440,Gui,Joni,Gui.Joni@yopmail.com,Gui.Joni@gmail.com,worker
441,Elora,Clie,Elora.Clie@yopmail.com,Elora.Clie@gmail.com,developer
442,Stephanie,Harriman,Stephanie.Harriman@yopmail.com,Stephanie.Harriman@gmail.com,firefighter
443,Luci,Fax,Luci.Fax@yopmail.com,Luci.Fax@gmail.com,police officer
444,Liana,Moseley,Liana.Moseley@yopmail.com,Liana.Moseley@gmail.com,worker
445,Madelle,Sheedy,Madelle.Sheedy@yopmail.com,Madelle.Sheedy@gmail.com,police officer
446,Jillayne,Fairweather,Jillayne.Fairweather@yopmail.com,Jillayne.Fairweather@gmail.com,worker
447,Kamilah,Bow,Kamilah.Bow@yopmail.com,Kamilah.Bow@gmail.com,police officer
448,Sonni,Elbertina,Sonni.Elbertina@yopmail.com,Sonni.Elbertina@gmail.com,firefighter
449,Miquela,Dichy,Miquela.Dichy@yopmail.com,Miquela.Dichy@gmail.com,police officer
450,Tiffie,Isacco,Tiffie.Isacco@yopmail.com,Tiffie.Isacco@gmail.com,firefighter
451,Tilly,Brunell,Tilly.Brunell@yopmail.com,Tilly.Brunell@gmail.com,worker
452,Merrie,Luhe,Merrie.Luhe@yopmail.com,Merrie.Luhe@gmail.com,developer
453,Ardenia,Kazimir,Ardenia.Kazimir@yopmail.com,Ardenia.Kazimir@gmail.com,doctor
454,Cathyleen,Modie,Cathyleen.Modie@yopmail.com,Cathyleen.Modie@gmail.com,developer
455,Ana,Birdella,Ana.Birdella@yopmail.com,Ana.Birdella@gmail.com,firefighter
456,Madalyn,Saunderson,Madalyn.Saunderson@yopmail.com,Madalyn.Saunderson@gmail.com,developer
457,Sibella,Schlosser,Sibella.Schlosser@yopmail.com,Sibella.Schlosser@gmail.com,police officer
458,Alisha,Garek,Alisha.Garek@yopmail.com,Alisha.Garek@gmail.com,developer
459,Maryellen,Hull,Maryellen.Hull@yopmail.com,Maryellen.Hull@gmail.com,developer
460,Ekaterina,Francene,Ekaterina.Francene@yopmail.com,Ekaterina.Francene@gmail.com,worker
461,Mallory,Bahr,Mallory.Bahr@yopmail.com,Mallory.Bahr@gmail.com,developer
462,Riannon,Ahab,Riannon.Ahab@yopmail.com,Riannon.Ahab@gmail.com,worker
463,Alie,Zitvaa,Alie.Zitvaa@yopmail.com,Alie.Zitvaa@gmail.com,doctor
464,Fredericka,Martsen,Fredericka.Martsen@yopmail.com,Fredericka.Martsen@gmail.com,firefighter
465,Malina,Jacobah,Malina.Jacobah@yopmail.com,Malina.Jacobah@gmail.com,police officer
466,Shell,Serilda,Shell.Serilda@yopmail.com,Shell.Serilda@gmail.com,worker
467,Kathi,Cutlerr,Kathi.Cutlerr@yopmail.com,Kathi.Cutlerr@gmail.com,developer
468,Phedra,Buckler,Phedra.Buckler@yopmail.com,Phedra.Buckler@gmail.com,worker
469,Trudie,Seagraves,Trudie.Seagraves@yopmail.com,Trudie.Seagraves@gmail.com,firefighter
470,Sharai,Magdalen,Sharai.Magdalen@yopmail.com,Sharai.Magdalen@gmail.com,worker
471,Dennie,Wesle,Dennie.Wesle@yopmail.com,Dennie.Wesle@gmail.com,doctor
472,Dianemarie,Katrine,Dianemarie.Katrine@yopmail.com,Dianemarie.Katrine@gmail.com,doctor
473,Merle,Sasnett,Merle.Sasnett@yopmail.com,Merle.Sasnett@gmail.com,doctor
474,Bobinette,Pauly,Bobinette.Pauly@yopmail.com,Bobinette.Pauly@gmail.com,firefighter
475,Netty,Nester,Netty.Nester@yopmail.com,Netty.Nester@gmail.com,doctor
476,Tersina,Chauncey,Tersina.Chauncey@yopmail.com,Tersina.Chauncey@gmail.com,developer
477,Dione,Lorenz,Dione.Lorenz@yopmail.com,Dione.Lorenz@gmail.com,worker
478,Selia,Vernier,Selia.Vernier@yopmail.com,Selia.Vernier@gmail.com,worker
479,Adelle,Francyne,Adelle.Francyne@yopmail.com,Adelle.Francyne@gmail.com,developer
480,Madalyn,Wattenberg,Madalyn.Wattenberg@yopmail.com,Madalyn.Wattenberg@gmail.com,developer
481,Brana,Solitta,Brana.Solitta@yopmail.com,Brana.Solitta@gmail.com,police officer
482,Joleen,Hewitt,Joleen.Hewitt@yopmail.com,Joleen.Hewitt@gmail.com,worker
483,Paulita,Kendrick,Paulita.Kendrick@yopmail.com,Paulita.Kendrick@gmail.com,firefighter
484,Tybie,Hylan,Tybie.Hylan@yopmail.com,Tybie.Hylan@gmail.com,developer
485,Iseabal,Erskine,Iseabal.Erskine@yopmail.com,Iseabal.Erskine@gmail.com,worker
486,Jordan,Emerson,Jordan.Emerson@yopmail.com,Jordan.Emerson@gmail.com,doctor
487,Letizia,Florina,Letizia.Florina@yopmail.com,Letizia.Florina@gmail.com,police officer
488,Barbi,Zina,Barbi.Zina@yopmail.com,Barbi.Zina@gmail.com,doctor
489,Amara,Blase,Amara.Blase@yopmail.com,Amara.Blase@gmail.com,worker
490,Ulrike,Stefa,Ulrike.Stefa@yopmail.com,Ulrike.Stefa@gmail.com,developer
491,Kathi,Campball,Kathi.Campball@yopmail.com,Kathi.Campball@gmail.com,worker
492,Kirbee,Moseley,Kirbee.Moseley@yopmail.com,Kirbee.Moseley@gmail.com,doctor
493,Joleen,Audly,Joleen.Audly@yopmail.com,Joleen.Audly@gmail.com,doctor
494,Sue,Brunell,Sue.Brunell@yopmail.com,Sue.Brunell@gmail.com,developer
495,Lynde,Zola,Lynde.Zola@yopmail.com,Lynde.Zola@gmail.com,developer
496,Debee,Atcliffe,Debee.Atcliffe@yopmail.com,Debee.Atcliffe@gmail.com,doctor
497,Charlena,Modie,Charlena.Modie@yopmail.com,Charlena.Modie@gmail.com,firefighter
498,Kimmy,Bollay,Kimmy.Bollay@yopmail.com,Kimmy.Bollay@gmail.com,developer
499,Jenilee,Gualtiero,Jenilee.Gualtiero@yopmail.com,Jenilee.Gualtiero@gmail.com,doctor
500,Brana,Cyrie,Brana.Cyrie@yopmail.com,Brana.Cyrie@gmail.com,firefighter
501,Belinda,Lilybelle,Belinda.Lilybelle@yopmail.com,Belinda.Lilybelle@gmail.com,doctor
502,Babita,Hunfredo,Babita.Hunfredo@yopmail.com,Babita.Hunfredo@gmail.com,worker
503,Violet,Isidore,Violet.Isidore@yopmail.com,Violet.Isidore@gmail.com,police officer
504,Sarette,Atonsah,Sarette.Atonsah@yopmail.com,Sarette.Atonsah@gmail.com,firefighter
505,Helena,Gordon,Helena.Gordon@yopmail.com,Helena.Gordon@gmail.com,doctor
506,Fred,Billye,Fred.Billye@yopmail.com,Fred.Billye@gmail.com,firefighter
507,Dari,Hortensia,Dari.Hortensia@yopmail.com,Dari.Hortensia@gmail.com,developer
508,Fidelia,Colbert,Fidelia.Colbert@yopmail.com,Fidelia.Colbert@gmail.com,developer
509,Phylis,Vins,Phylis.Vins@yopmail.com,Phylis.Vins@gmail.com,police officer
510,Carly,Zitvaa,Carly.Zitvaa@yopmail.com,Carly.Zitvaa@gmail.com,police officer
511,Marylou,Tryck,Marylou.Tryck@yopmail.com,Marylou.Tryck@gmail.com,doctor
512,Tarra,Baudin,Tarra.Baudin@yopmail.com,Tarra.Baudin@gmail.com,firefighter
513,Marylou,Korey,Marylou.Korey@yopmail.com,Marylou.Korey@gmail.com,doctor
514,Caressa,Lane,Caressa.Lane@yopmail.com,Caressa.Lane@gmail.com,police officer
515,Joane,Joeann,Joane.Joeann@yopmail.com,Joane.Joeann@gmail.com,firefighter
516,Silvana,Freddi,Silvana.Freddi@yopmail.com,Silvana.Freddi@gmail.com,worker
517,Hallie,Magdalen,Hallie.Magdalen@yopmail.com,Hallie.Magdalen@gmail.com,worker
518,Dorice,Joeann,Dorice.Joeann@yopmail.com,Dorice.Joeann@gmail.com,worker
519,Celene,Burch,Celene.Burch@yopmail.com,Celene.Burch@gmail.com,developer
520,Cathie,Maribeth,Cathie.Maribeth@yopmail.com,Cathie.Maribeth@gmail.com,developer
521,Cristabel,Standing,Cristabel.Standing@yopmail.com,Cristabel.Standing@gmail.com,police officer
522,Rubie,Tacye,Rubie.Tacye@yopmail.com,Rubie.Tacye@gmail.com,police officer
523,Karlee,Urias,Karlee.Urias@yopmail.com,Karlee.Urias@gmail.com,doctor
524,Jorry,Florina,Jorry.Florina@yopmail.com,Jorry.Florina@gmail.com,developer
525,Misha,Ellerey,Misha.Ellerey@yopmail.com,Misha.Ellerey@gmail.com,doctor
526,Britte,Leifeste,Britte.Leifeste@yopmail.com,Britte.Leifeste@gmail.com,doctor
527,Debee,Westphal,Debee.Westphal@yopmail.com,Debee.Westphal@gmail.com,firefighter
528,Neila,Nikaniki,Neila.Nikaniki@yopmail.com,Neila.Nikaniki@gmail.com,developer
529,Elyssa,Gaulin,Elyssa.Gaulin@yopmail.com,Elyssa.Gaulin@gmail.com,doctor
530,Brena,Madaih,Brena.Madaih@yopmail.com,Brena.Madaih@gmail.com,firefighter
531,Pamella,Mallon,Pamella.Mallon@yopmail.com,Pamella.Mallon@gmail.com,doctor
532,Loree,Pulsifer,Loree.Pulsifer@yopmail.com,Loree.Pulsifer@gmail.com,worker
533,Delilah,Alejoa,Delilah.Alejoa@yopmail.com,Delilah.Alejoa@gmail.com,worker
534,Aigneis,Gert,Aigneis.Gert@yopmail.com,Aigneis.Gert@gmail.com,worker
535,Joelly,Timon,Joelly.Timon@yopmail.com,Joelly.Timon@gmail.com,developer
536,Kelly,Herrera,Kelly.Herrera@yopmail.com,Kelly.Herrera@gmail.com,developer
537,Calla,Orlene,Calla.Orlene@yopmail.com,Calla.Orlene@gmail.com,worker
538,Roz,Darbie,Roz.Darbie@yopmail.com,Roz.Darbie@gmail.com,police officer
539,Kylynn,Santoro,Kylynn.Santoro@yopmail.com,Kylynn.Santoro@gmail.com,doctor
540,Quintina,Smitt,Quintina.Smitt@yopmail.com,Quintina.Smitt@gmail.com,doctor
541,Lorie,O'Carroll,Lorie.O'Carroll@yopmail.com,Lorie.O'Carroll@gmail.com,doctor
542,Clo,Warthman,Clo.Warthman@yopmail.com,Clo.Warthman@gmail.com,firefighter
543,Frieda,Nisbet,Frieda.Nisbet@yopmail.com,Frieda.Nisbet@gmail.com,developer
544,Winny,Zachary,Winny.Zachary@yopmail.com,Winny.Zachary@gmail.com,worker
545,Tina,Cecile,Tina.Cecile@yopmail.com,Tina.Cecile@gmail.com,doctor
546,Dennie,Ralfston,Dennie.Ralfston@yopmail.com,Dennie.Ralfston@gmail.com,doctor
547,Brynna,Gwenore,Brynna.Gwenore@yopmail.com,Brynna.Gwenore@gmail.com,doctor
548,Frances,Sprage,Frances.Sprage@yopmail.com,Frances.Sprage@gmail.com,doctor
549,Emelina,Marsden,Emelina.Marsden@yopmail.com,Emelina.Marsden@gmail.com,doctor
550,Harmonia,Nelsen,Harmonia.Nelsen@yopmail.com,Harmonia.Nelsen@gmail.com,doctor
551,Dominga,Eiser,Dominga.Eiser@yopmail.com,Dominga.Eiser@gmail.com,worker
552,Hettie,Natalia,Hettie.Natalia@yopmail.com,Hettie.Natalia@gmail.com,police officer
553,Fayre,Tannie,Fayre.Tannie@yopmail.com,Fayre.Tannie@gmail.com,worker
554,Ulrike,Revkah,Ulrike.Revkah@yopmail.com,Ulrike.Revkah@gmail.com,police officer
555,Sissy,Kiyoshi,Sissy.Kiyoshi@yopmail.com,Sissy.Kiyoshi@gmail.com,worker
556,Veda,Maryanne,Veda.Maryanne@yopmail.com,Veda.Maryanne@gmail.com,developer
557,Kore,Bury,Kore.Bury@yopmail.com,Kore.Bury@gmail.com,doctor
558,Cacilie,Amadas,Cacilie.Amadas@yopmail.com,Cacilie.Amadas@gmail.com,doctor
559,Molli,Nea,Molli.Nea@yopmail.com,Molli.Nea@gmail.com,worker
560,Doralynne,Salvidor,Doralynne.Salvidor@yopmail.com,Doralynne.Salvidor@gmail.com,doctor
561,Yvonne,Joseph,Yvonne.Joseph@yopmail.com,Yvonne.Joseph@gmail.com,firefighter
562,Therine,Moina,Therine.Moina@yopmail.com,Therine.Moina@gmail.com,developer
563,Dawn,Waite,Dawn.Waite@yopmail.com,Dawn.Waite@gmail.com,firefighter
564,Hollie,Smitt,Hollie.Smitt@yopmail.com,Hollie.Smitt@gmail.com,developer
565,Adelle,Cullin,Adelle.Cullin@yopmail.com,Adelle.Cullin@gmail.com,developer
566,Alia,Sekofski,Alia.Sekofski@yopmail.com,Alia.Sekofski@gmail.com,doctor
567,Dania,Hepsibah,Dania.Hepsibah@yopmail.com,Dania.Hepsibah@gmail.com,worker
568,Renae,Marsden,Renae.Marsden@yopmail.com,Renae.Marsden@gmail.com,developer
569,Vonny,Serilda,Vonny.Serilda@yopmail.com,Vonny.Serilda@gmail.com,police officer
570,Mellicent,Carey,Mellicent.Carey@yopmail.com,Mellicent.Carey@gmail.com,firefighter
571,Gaylene,Miru,Gaylene.Miru@yopmail.com,Gaylene.Miru@gmail.com,worker
572,Sam,Iiette,Sam.Iiette@yopmail.com,Sam.Iiette@gmail.com,worker
573,Celestyna,Katrine,Celestyna.Katrine@yopmail.com,Celestyna.Katrine@gmail.com,police officer
574,Daryl,Cecile,Daryl.Cecile@yopmail.com,Daryl.Cecile@gmail.com,doctor
575,Tera,Podvin,Tera.Podvin@yopmail.com,Tera.Podvin@gmail.com,police officer
576,Karly,Wittie,Karly.Wittie@yopmail.com,Karly.Wittie@gmail.com,firefighter
577,Konstance,Uund,Konstance.Uund@yopmail.com,Konstance.Uund@gmail.com,developer
578,Jaime,O'Carroll,Jaime.O'Carroll@yopmail.com,Jaime.O'Carroll@gmail.com,developer
579,Kellen,Si,Kellen.Si@yopmail.com,Kellen.Si@gmail.com,firefighter
580,Marika,Dearborn,Marika.Dearborn@yopmail.com,Marika.Dearborn@gmail.com,worker
581,Edith,Roumell,Edith.Roumell@yopmail.com,Edith.Roumell@gmail.com,developer
582,Selia,Azeria,Selia.Azeria@yopmail.com,Selia.Azeria@gmail.com,firefighter
583,Hollie,Greyson,Hollie.Greyson@yopmail.com,Hollie.Greyson@gmail.com,firefighter
584,Eve,Artie,Eve.Artie@yopmail.com,Eve.Artie@gmail.com,developer
585,Kristan,Toor,Kristan.Toor@yopmail.com,Kristan.Toor@gmail.com,police officer
586,Dulcinea,Bryna,Dulcinea.Bryna@yopmail.com,Dulcinea.Bryna@gmail.com,doctor
587,Farrah,Grimbly,Farrah.Grimbly@yopmail.com,Farrah.Grimbly@gmail.com,police officer
588,Inga,Rooney,Inga.Rooney@yopmail.com,Inga.Rooney@gmail.com,firefighter
589,Wynne,Malina,Wynne.Malina@yopmail.com,Wynne.Malina@gmail.com,worker
590,Rhea,Posner,Rhea.Posner@yopmail.com,Rhea.Posner@gmail.com,doctor
591,Dulce,Ellerey,Dulce.Ellerey@yopmail.com,Dulce.Ellerey@gmail.com,worker
592,Celestyna,Shaver,Celestyna.Shaver@yopmail.com,Celestyna.Shaver@gmail.com,worker
593,Kerrin,Camden,Kerrin.Camden@yopmail.com,Kerrin.Camden@gmail.com,police officer
594,Marjie,Fosque,Marjie.Fosque@yopmail.com,Marjie.Fosque@gmail.com,police officer
595,Winifred,Arathorn,Winifred.Arathorn@yopmail.com,Winifred.Arathorn@gmail.com,firefighter
596,Jenilee,Olin,Jenilee.Olin@yopmail.com,Jenilee.Olin@gmail.com,developer
597,Lacie,Karna,Lacie.Karna@yopmail.com,Lacie.Karna@gmail.com,worker
598,Pearline,Simmonds,Pearline.Simmonds@yopmail.com,Pearline.Simmonds@gmail.com,doctor
599,Christian,Dyche,Christian.Dyche@yopmail.com,Christian.Dyche@gmail.com,police officer
600,Wanda,Pip,Wanda.Pip@yopmail.com,Wanda.Pip@gmail.com,doctor
601,Audrie,Adamsen,Audrie.Adamsen@yopmail.com,Audrie.Adamsen@gmail.com,doctor
602,Paulita,Kosey,Paulita.Kosey@yopmail.com,Paulita.Kosey@gmail.com,developer
603,Mahalia,Cavan,Mahalia.Cavan@yopmail.com,Mahalia.Cavan@gmail.com,police officer
604,Edyth,Hashim,Edyth.Hashim@yopmail.com,Edyth.Hashim@gmail.com,doctor
605,Chloris,Ader,Chloris.Ader@yopmail.com,Chloris.Ader@gmail.com,worker
606,Karly,Maiah,Karly.Maiah@yopmail.com,Karly.Maiah@gmail.com,worker
607,Nita,Stefa,Nita.Stefa@yopmail.com,Nita.Stefa@gmail.com,doctor
608,Gisela,Holbrook,Gisela.Holbrook@yopmail.com,Gisela.Holbrook@gmail.com,worker
609,Gisela,Fabiola,Gisela.Fabiola@yopmail.com,Gisela.Fabiola@gmail.com,worker
610,Cherrita,Vorster,Cherrita.Vorster@yopmail.com,Cherrita.Vorster@gmail.com,worker
611,Ezmeralda,Albertine,Ezmeralda.Albertine@yopmail.com,Ezmeralda.Albertine@gmail.com,doctor
612,Ethel,Lamoree,Ethel.Lamoree@yopmail.com,Ethel.Lamoree@gmail.com,police officer
613,Atlanta,Paton,Atlanta.Paton@yopmail.com,Atlanta.Paton@gmail.com,doctor
614,Marylou,Even,Marylou.Even@yopmail.com,Marylou.Even@gmail.com,doctor
615,Rayna,Bonucci,Rayna.Bonucci@yopmail.com,Rayna.Bonucci@gmail.com,police officer
616,Xylina,Vastah,Xylina.Vastah@yopmail.com,Xylina.Vastah@gmail.com,developer
617,Sherrie,Thomasina,Sherrie.Thomasina@yopmail.com,Sherrie.Thomasina@gmail.com,developer
618,Gaylene,Rugen,Gaylene.Rugen@yopmail.com,Gaylene.Rugen@gmail.com,developer
619,Alexine,Jalbert,Alexine.Jalbert@yopmail.com,Alexine.Jalbert@gmail.com,firefighter
620,Clementine,Meter,Clementine.Meter@yopmail.com,Clementine.Meter@gmail.com,firefighter
621,Lorenza,Land,Lorenza.Land@yopmail.com,Lorenza.Land@gmail.com,developer
622,Brianna,Uund,Brianna.Uund@yopmail.com,Brianna.Uund@gmail.com,developer
623,Aubrie,Winnick,Aubrie.Winnick@yopmail.com,Aubrie.Winnick@gmail.com,police officer
624,Heddie,Stoller,Heddie.Stoller@yopmail.com,Heddie.Stoller@gmail.com,developer
625,Nananne,Yoko,Nananne.Yoko@yopmail.com,Nananne.Yoko@gmail.com,police officer
626,Winifred,Estella,Winifred.Estella@yopmail.com,Winifred.Estella@gmail.com,firefighter
627,Ricky,Arvo,Ricky.Arvo@yopmail.com,Ricky.Arvo@gmail.com,worker
628,Myriam,Podvin,Myriam.Podvin@yopmail.com,Myriam.Podvin@gmail.com,firefighter
629,Sindee,Goerke,Sindee.Goerke@yopmail.com,Sindee.Goerke@gmail.com,police officer
630,Gabi,Gilbertson,Gabi.Gilbertson@yopmail.com,Gabi.Gilbertson@gmail.com,doctor
631,Moyna,Sigfrid,Moyna.Sigfrid@yopmail.com,Moyna.Sigfrid@gmail.com,developer
632,Cristabel,Orpah,Cristabel.Orpah@yopmail.com,Cristabel.Orpah@gmail.com,doctor
633,Zia,Obed,Zia.Obed@yopmail.com,Zia.Obed@gmail.com,developer
634,Anestassia,Hamil,Anestassia.Hamil@yopmail.com,Anestassia.Hamil@gmail.com,worker
635,Justinn,Sibyls,Justinn.Sibyls@yopmail.com,Justinn.Sibyls@gmail.com,police officer
636,Carlie,Blisse,Carlie.Blisse@yopmail.com,Carlie.Blisse@gmail.com,firefighter
637,Elora,Albertine,Elora.Albertine@yopmail.com,Elora.Albertine@gmail.com,worker
638,Lorie,Colleen,Lorie.Colleen@yopmail.com,Lorie.Colleen@gmail.com,doctor
639,Pamella,Keily,Pamella.Keily@yopmail.com,Pamella.Keily@gmail.com,worker
640,Maurene,Malina,Maurene.Malina@yopmail.com,Maurene.Malina@gmail.com,worker
641,Basia,Francyne,Basia.Francyne@yopmail.com,Basia.Francyne@gmail.com,doctor
642,Eugine,Bakerman,Eugine.Bakerman@yopmail.com,Eugine.Bakerman@gmail.com,firefighter
643,Ulrike,Havens,Ulrike.Havens@yopmail.com,Ulrike.Havens@gmail.com,developer
644,Lexine,Jalbert,Lexine.Jalbert@yopmail.com,Lexine.Jalbert@gmail.com,police officer
645,Aurelie,Woodberry,Aurelie.Woodberry@yopmail.com,Aurelie.Woodberry@gmail.com,developer
646,Riannon,Barbey,Riannon.Barbey@yopmail.com,Riannon.Barbey@gmail.com,police officer
647,Kathy,Stephie,Kathy.Stephie@yopmail.com,Kathy.Stephie@gmail.com,doctor
648,Eve,Hamil,Eve.Hamil@yopmail.com,Eve.Hamil@gmail.com,police officer
649,Hannis,Amasa,Hannis.Amasa@yopmail.com,Hannis.Amasa@gmail.com,developer
650,Libbie,Suk,Libbie.Suk@yopmail.com,Libbie.Suk@gmail.com,doctor
651,Dari,Fennessy,Dari.Fennessy@yopmail.com,Dari.Fennessy@gmail.com,developer
652,Magdalena,Eben,Magdalena.Eben@yopmail.com,Magdalena.Eben@gmail.com,police officer
653,Judy,Wilkinson,Judy.Wilkinson@yopmail.com,Judy.Wilkinson@gmail.com,doctor
654,Camile,Zenas,Camile.Zenas@yopmail.com,Camile.Zenas@gmail.com,worker
655,Gusella,Tryck,Gusella.Tryck@yopmail.com,Gusella.Tryck@gmail.com,developer
656,Karina,Rozanna,Karina.Rozanna@yopmail.com,Karina.Rozanna@gmail.com,police officer
657,Margarette,Bronk,Margarette.Bronk@yopmail.com,Margarette.Bronk@gmail.com,developer
658,Donetta,Blase,Donetta.Blase@yopmail.com,Donetta.Blase@gmail.com,police officer
659,Trudie,Anastatius,Trudie.Anastatius@yopmail.com,Trudie.Anastatius@gmail.com,worker
660,Babita,Halla,Babita.Halla@yopmail.com,Babita.Halla@gmail.com,doctor
661,Josephine,Burch,Josephine.Burch@yopmail.com,Josephine.Burch@gmail.com,worker
662,Aili,Phyllis,Aili.Phyllis@yopmail.com,Aili.Phyllis@gmail.com,worker
663,Merci,Ashok,Merci.Ashok@yopmail.com,Merci.Ashok@gmail.com,worker
664,Ariela,Konyn,Ariela.Konyn@yopmail.com,Ariela.Konyn@gmail.com,developer
665,Jenda,Ricarda,Jenda.Ricarda@yopmail.com,Jenda.Ricarda@gmail.com,worker
666,Aurelie,Nikaniki,Aurelie.Nikaniki@yopmail.com,Aurelie.Nikaniki@gmail.com,worker
667,Anthia,Rad,Anthia.Rad@yopmail.com,Anthia.Rad@gmail.com,developer
668,Catrina,Flita,Catrina.Flita@yopmail.com,Catrina.Flita@gmail.com,police officer
669,Atlanta,Lail,Atlanta.Lail@yopmail.com,Atlanta.Lail@gmail.com,firefighter
670,Ingrid,Zuzana,Ingrid.Zuzana@yopmail.com,Ingrid.Zuzana@gmail.com,doctor
671,Nikki,Tillford,Nikki.Tillford@yopmail.com,Nikki.Tillford@gmail.com,firefighter
672,Tiffie,Sherrie,Tiffie.Sherrie@yopmail.com,Tiffie.Sherrie@gmail.com,firefighter
673,Addia,Cloris,Addia.Cloris@yopmail.com,Addia.Cloris@gmail.com,doctor
674,Melisent,Wilkinson,Melisent.Wilkinson@yopmail.com,Melisent.Wilkinson@gmail.com,police officer
675,Fernande,Tippets,Fernande.Tippets@yopmail.com,Fernande.Tippets@gmail.com,firefighter
676,Rosanne,Gusella,Rosanne.Gusella@yopmail.com,Rosanne.Gusella@gmail.com,firefighter
677,Audrie,Wandie,Audrie.Wandie@yopmail.com,Audrie.Wandie@gmail.com,firefighter
678,Tabbatha,Kazimir,Tabbatha.Kazimir@yopmail.com,Tabbatha.Kazimir@gmail.com,doctor
679,Maud,Natica,Maud.Natica@yopmail.com,Maud.Natica@gmail.com,developer
680,Jobi,Ulphia,Jobi.Ulphia@yopmail.com,Jobi.Ulphia@gmail.com,police officer
681,Cathie,Paton,Cathie.Paton@yopmail.com,Cathie.Paton@gmail.com,worker
682,Ethel,Sancho,Ethel.Sancho@yopmail.com,Ethel.Sancho@gmail.com,developer
683,Brena,Rona,Brena.Rona@yopmail.com,Brena.Rona@gmail.com,worker
684,Norine,Graig,Norine.Graig@yopmail.com,Norine.Graig@gmail.com,worker
685,Mara,Iphlgenia,Mara.Iphlgenia@yopmail.com,Mara.Iphlgenia@gmail.com,firefighter
686,Jean,Bergman,Jean.Bergman@yopmail.com,Jean.Bergman@gmail.com,doctor
687,Romona,Pozzy,Romona.Pozzy@yopmail.com,Romona.Pozzy@gmail.com,worker
688,Brandise,Iaverne,Brandise.Iaverne@yopmail.com,Brandise.Iaverne@gmail.com,firefighter
689,Dorice,Modie,Dorice.Modie@yopmail.com,Dorice.Modie@gmail.com,firefighter
690,Nessie,Even,Nessie.Even@yopmail.com,Nessie.Even@gmail.com,doctor
691,Josephine,Brandice,Josephine.Brandice@yopmail.com,Josephine.Brandice@gmail.com,worker
692,Margette,Merell,Margette.Merell@yopmail.com,Margette.Merell@gmail.com,developer
693,Jean,Pauly,Jean.Pauly@yopmail.com,Jean.Pauly@gmail.com,firefighter
694,Rani,Kenney,Rani.Kenney@yopmail.com,Rani.Kenney@gmail.com,developer
695,Ronna,Grayce,Ronna.Grayce@yopmail.com,Ronna.Grayce@gmail.com,worker
696,Valli,Sisile,Valli.Sisile@yopmail.com,Valli.Sisile@gmail.com,firefighter
697,Olwen,Publia,Olwen.Publia@yopmail.com,Olwen.Publia@gmail.com,police officer
698,Fred,Concha,Fred.Concha@yopmail.com,Fred.Concha@gmail.com,firefighter
699,Eve,Laverne,Eve.Laverne@yopmail.com,Eve.Laverne@gmail.com,police officer
700,Nadine,Kannry,Nadine.Kannry@yopmail.com,Nadine.Kannry@gmail.com,police officer
701,Nannie,Brian,Nannie.Brian@yopmail.com,Nannie.Brian@gmail.com,doctor
702,Wendi,Artie,Wendi.Artie@yopmail.com,Wendi.Artie@gmail.com,worker
703,Belinda,Kauppi,Belinda.Kauppi@yopmail.com,Belinda.Kauppi@gmail.com,worker
704,Tina,Harriman,Tina.Harriman@yopmail.com,Tina.Harriman@gmail.com,doctor
705,Annecorinne,Helfand,Annecorinne.Helfand@yopmail.com,Annecorinne.Helfand@gmail.com,developer
706,Dede,Nance,Dede.Nance@yopmail.com,Dede.Nance@gmail.com,developer
707,Gianina,Telfer,Gianina.Telfer@yopmail.com,Gianina.Telfer@gmail.com,doctor
708,Hermione,Roxanna,Hermione.Roxanna@yopmail.com,Hermione.Roxanna@gmail.com,worker
709,Ariela,Haymes,Ariela.Haymes@yopmail.com,Ariela.Haymes@gmail.com,worker
710,Wynne,Havens,Wynne.Havens@yopmail.com,Wynne.Havens@gmail.com,firefighter
711,Barbara,Allys,Barbara.Allys@yopmail.com,Barbara.Allys@gmail.com,developer
712,Cassandra,Jillane,Cassandra.Jillane@yopmail.com,Cassandra.Jillane@gmail.com,worker
713,Mamie,Urias,Mamie.Urias@yopmail.com,Mamie.Urias@gmail.com,developer
714,Laure,Cyrie,Laure.Cyrie@yopmail.com,Laure.Cyrie@gmail.com,developer
715,Hettie,Isacco,Hettie.Isacco@yopmail.com,Hettie.Isacco@gmail.com,firefighter
716,Ruthe,Arathorn,Ruthe.Arathorn@yopmail.com,Ruthe.Arathorn@gmail.com,worker
717,Millie,McGrody,Millie.McGrody@yopmail.com,Millie.McGrody@gmail.com,worker
718,Daphne,Annice,Daphne.Annice@yopmail.com,Daphne.Annice@gmail.com,worker
719,Nyssa,Hortensia,Nyssa.Hortensia@yopmail.com,Nyssa.Hortensia@gmail.com,police officer
720,Heddie,Breed,Heddie.Breed@yopmail.com,Heddie.Breed@gmail.com,police officer
721,Ronna,Dituri,Ronna.Dituri@yopmail.com,Ronna.Dituri@gmail.com,worker
722,Iseabal,Vharat,Iseabal.Vharat@yopmail.com,Iseabal.Vharat@gmail.com,developer
723,Dulce,Brackely,Dulce.Brackely@yopmail.com,Dulce.Brackely@gmail.com,firefighter
724,Netty,Annice,Netty.Annice@yopmail.com,Netty.Annice@gmail.com,firefighter
725,Edee,Pillsbury,Edee.Pillsbury@yopmail.com,Edee.Pillsbury@gmail.com,worker
726,Nelle,Amethist,Nelle.Amethist@yopmail.com,Nelle.Amethist@gmail.com,doctor
727,Frances,Bultman,Frances.Bultman@yopmail.com,Frances.Bultman@gmail.com,developer
728,Rosaline,Terrence,Rosaline.Terrence@yopmail.com,Rosaline.Terrence@gmail.com,worker
729,Maud,Haldas,Maud.Haldas@yopmail.com,Maud.Haldas@gmail.com,police officer
730,Frank,Edison,Frank.Edison@yopmail.com,Frank.Edison@gmail.com,doctor
731,Carolina,Poll,Carolina.Poll@yopmail.com,Carolina.Poll@gmail.com,worker
732,Meghann,Roumell,Meghann.Roumell@yopmail.com,Meghann.Roumell@gmail.com,firefighter
733,Desirae,Bouchard,Desirae.Bouchard@yopmail.com,Desirae.Bouchard@gmail.com,police officer
734,Calla,Behre,Calla.Behre@yopmail.com,Calla.Behre@gmail.com,doctor
735,Chrystel,Shields,Chrystel.Shields@yopmail.com,Chrystel.Shields@gmail.com,worker
736,Olwen,Suk,Olwen.Suk@yopmail.com,Olwen.Suk@gmail.com,doctor
737,Aeriela,Fairweather,Aeriela.Fairweather@yopmail.com,Aeriela.Fairweather@gmail.com,developer
738,Johna,Girardo,Johna.Girardo@yopmail.com,Johna.Girardo@gmail.com,doctor
739,Zaria,Dosia,Zaria.Dosia@yopmail.com,Zaria.Dosia@gmail.com,police officer
740,Fayre,Killigrew,Fayre.Killigrew@yopmail.com,Fayre.Killigrew@gmail.com,firefighter
741,Dianemarie,Marsden,Dianemarie.Marsden@yopmail.com,Dianemarie.Marsden@gmail.com,police officer
742,Xylina,Norvol,Xylina.Norvol@yopmail.com,Xylina.Norvol@gmail.com,worker
743,Augustine,Garek,Augustine.Garek@yopmail.com,Augustine.Garek@gmail.com,firefighter
744,Daryl,Timon,Daryl.Timon@yopmail.com,Daryl.Timon@gmail.com,developer
745,Hallie,Annice,Hallie.Annice@yopmail.com,Hallie.Annice@gmail.com,firefighter
746,Flo,Therine,Flo.Therine@yopmail.com,Flo.Therine@gmail.com,doctor
747,Linet,Denis,Linet.Denis@yopmail.com,Linet.Denis@gmail.com,developer
748,Cathie,Tamsky,Cathie.Tamsky@yopmail.com,Cathie.Tamsky@gmail.com,developer
749,Lanae,Telfer,Lanae.Telfer@yopmail.com,Lanae.Telfer@gmail.com,worker
750,Dorice,Sidonius,Dorice.Sidonius@yopmail.com,Dorice.Sidonius@gmail.com,worker
751,Nessie,Talia,Nessie.Talia@yopmail.com,Nessie.Talia@gmail.com,worker
752,Kenna,Serilda,Kenna.Serilda@yopmail.com,Kenna.Serilda@gmail.com,doctor
753,Elyssa,Alwin,Elyssa.Alwin@yopmail.com,Elyssa.Alwin@gmail.com,doctor
754,Merci,Kelula,Merci.Kelula@yopmail.com,Merci.Kelula@gmail.com,police officer
755,Lorie,Sandye,Lorie.Sandye@yopmail.com,Lorie.Sandye@gmail.com,developer
756,Roseline,Nelsen,Roseline.Nelsen@yopmail.com,Roseline.Nelsen@gmail.com,developer
757,Margalo,Wu,Margalo.Wu@yopmail.com,Margalo.Wu@gmail.com,developer
758,Barbara,Forrer,Barbara.Forrer@yopmail.com,Barbara.Forrer@gmail.com,worker
759,Jsandye,Arathorn,Jsandye.Arathorn@yopmail.com,Jsandye.Arathorn@gmail.com,worker
760,Nataline,Cath,Nataline.Cath@yopmail.com,Nataline.Cath@gmail.com,firefighter
761,Daune,Francyne,Daune.Francyne@yopmail.com,Daune.Francyne@gmail.com,doctor
762,Trudie,Lipson,Trudie.Lipson@yopmail.com,Trudie.Lipson@gmail.com,doctor
763,Jennica,Ax,Jennica.Ax@yopmail.com,Jennica.Ax@gmail.com,worker
764,Caritta,Emerson,Caritta.Emerson@yopmail.com,Caritta.Emerson@gmail.com,doctor
765,Dolli,Lacombe,Dolli.Lacombe@yopmail.com,Dolli.Lacombe@gmail.com,firefighter
766,Romona,Parsaye,Romona.Parsaye@yopmail.com,Romona.Parsaye@gmail.com,developer
767,Alisha,Japeth,Alisha.Japeth@yopmail.com,Alisha.Japeth@gmail.com,firefighter
768,Tressa,Ajay,Tressa.Ajay@yopmail.com,Tressa.Ajay@gmail.com,worker
769,Jessamyn,Jillane,Jessamyn.Jillane@yopmail.com,Jessamyn.Jillane@gmail.com,police officer
770,Marsiella,Madaih,Marsiella.Madaih@yopmail.com,Marsiella.Madaih@gmail.com,firefighter
771,Sarette,Bates,Sarette.Bates@yopmail.com,Sarette.Bates@gmail.com,worker
772,Tina,Seligman,Tina.Seligman@yopmail.com,Tina.Seligman@gmail.com,developer
773,Vinita,Dosia,Vinita.Dosia@yopmail.com,Vinita.Dosia@gmail.com,worker
774,Elise,Corilla,Elise.Corilla@yopmail.com,Elise.Corilla@gmail.com,police officer
775,Lexine,McLaughlin,Lexine.McLaughlin@yopmail.com,Lexine.McLaughlin@gmail.com,firefighter
776,Marline,Himelman,Marline.Himelman@yopmail.com,Marline.Himelman@gmail.com,doctor
777,Fina,Croix,Fina.Croix@yopmail.com,Fina.Croix@gmail.com,worker
778,Randa,Reinke,Randa.Reinke@yopmail.com,Randa.Reinke@gmail.com,police officer
779,Debee,Pettiford,Debee.Pettiford@yopmail.com,Debee.Pettiford@gmail.com,developer
780,Maridel,Evvie,Maridel.Evvie@yopmail.com,Maridel.Evvie@gmail.com,firefighter
781,Dotty,Baptlsta,Dotty.Baptlsta@yopmail.com,Dotty.Baptlsta@gmail.com,developer
782,Korrie,Gabrielli,Korrie.Gabrielli@yopmail.com,Korrie.Gabrielli@gmail.com,worker
783,Pamella,Serilda,Pamella.Serilda@yopmail.com,Pamella.Serilda@gmail.com,worker
784,Althea,Aprile,Althea.Aprile@yopmail.com,Althea.Aprile@gmail.com,worker
785,Tressa,Wenoa,Tressa.Wenoa@yopmail.com,Tressa.Wenoa@gmail.com,police officer
786,Jan,Salvidor,Jan.Salvidor@yopmail.com,Jan.Salvidor@gmail.com,police officer
787,Gerrie,Riva,Gerrie.Riva@yopmail.com,Gerrie.Riva@gmail.com,doctor
788,Maridel,Lacombe,Maridel.Lacombe@yopmail.com,Maridel.Lacombe@gmail.com,developer
789,Carlie,Anis,Carlie.Anis@yopmail.com,Carlie.Anis@gmail.com,firefighter
790,Angela,Genna,Angela.Genna@yopmail.com,Angela.Genna@gmail.com,doctor
791,Ebonee,Reidar,Ebonee.Reidar@yopmail.com,Ebonee.Reidar@gmail.com,police officer
792,Linet,Phi,Linet.Phi@yopmail.com,Linet.Phi@gmail.com,doctor
793,Rosanne,Harriman,Rosanne.Harriman@yopmail.com,Rosanne.Harriman@gmail.com,worker
794,Sybille,Nahum,Sybille.Nahum@yopmail.com,Sybille.Nahum@gmail.com,firefighter
795,Philis,Chabot,Philis.Chabot@yopmail.com,Philis.Chabot@gmail.com,police officer
796,Correy,Longfellow,Correy.Longfellow@yopmail.com,Correy.Longfellow@gmail.com,police officer
797,Anestassia,Madox,Anestassia.Madox@yopmail.com,Anestassia.Madox@gmail.com,firefighter
798,Genevra,Earlie,Genevra.Earlie@yopmail.com,Genevra.Earlie@gmail.com,police officer
799,Starla,Hessler,Starla.Hessler@yopmail.com,Starla.Hessler@gmail.com,police officer
800,Georgina,Bollay,Georgina.Bollay@yopmail.com,Georgina.Bollay@gmail.com,firefighter
801,Lanna,Colbert,Lanna.Colbert@yopmail.com,Lanna.Colbert@gmail.com,police officer
802,Kristan,Trinetta,Kristan.Trinetta@yopmail.com,Kristan.Trinetta@gmail.com,developer
803,Fernande,Leonard,Fernande.Leonard@yopmail.com,Fernande.Leonard@gmail.com,police officer
804,Daphne,Reidar,Daphne.Reidar@yopmail.com,Daphne.Reidar@gmail.com,worker
805,Jean,Bandeen,Jean.Bandeen@yopmail.com,Jean.Bandeen@gmail.com,firefighter
806,Kial,Harday,Kial.Harday@yopmail.com,Kial.Harday@gmail.com,firefighter
807,Yvonne,Sammons,Yvonne.Sammons@yopmail.com,Yvonne.Sammons@gmail.com,firefighter
808,Tori,Meter,Tori.Meter@yopmail.com,Tori.Meter@gmail.com,firefighter
809,Adele,Gusella,Adele.Gusella@yopmail.com,Adele.Gusella@gmail.com,developer
810,Nadine,Westphal,Nadine.Westphal@yopmail.com,Nadine.Westphal@gmail.com,developer
811,Mathilda,Latini,Mathilda.Latini@yopmail.com,Mathilda.Latini@gmail.com,developer
812,Marsiella,Desai,Marsiella.Desai@yopmail.com,Marsiella.Desai@gmail.com,firefighter
813,Micheline,Durante,Micheline.Durante@yopmail.com,Micheline.Durante@gmail.com,doctor
814,Ilse,Berriman,Ilse.Berriman@yopmail.com,Ilse.Berriman@gmail.com,developer
815,Chrystel,Soneson,Chrystel.Soneson@yopmail.com,Chrystel.Soneson@gmail.com,developer
816,Fanchon,Dreda,Fanchon.Dreda@yopmail.com,Fanchon.Dreda@gmail.com,doctor
817,Lusa,Phyllis,Lusa.Phyllis@yopmail.com,Lusa.Phyllis@gmail.com,police officer
818,Priscilla,Daveta,Priscilla.Daveta@yopmail.com,Priscilla.Daveta@gmail.com,worker
819,Cherilyn,Bandeen,Cherilyn.Bandeen@yopmail.com,Cherilyn.Bandeen@gmail.com,doctor
820,Keelia,Jess,Keelia.Jess@yopmail.com,Keelia.Jess@gmail.com,doctor
821,Trixi,Sperling,Trixi.Sperling@yopmail.com,Trixi.Sperling@gmail.com,developer
822,Ayn,Cookie,Ayn.Cookie@yopmail.com,Ayn.Cookie@gmail.com,developer
823,Elyssa,Erskine,Elyssa.Erskine@yopmail.com,Elyssa.Erskine@gmail.com,developer
824,Lanna,Mintz,Lanna.Mintz@yopmail.com,Lanna.Mintz@gmail.com,firefighter
825,Ida,Wareing,Ida.Wareing@yopmail.com,Ida.Wareing@gmail.com,developer
826,Lorenza,Leonard,Lorenza.Leonard@yopmail.com,Lorenza.Leonard@gmail.com,police officer
827,Doralynne,Ovid,Doralynne.Ovid@yopmail.com,Doralynne.Ovid@gmail.com,firefighter
828,Lizzie,Suzetta,Lizzie.Suzetta@yopmail.com,Lizzie.Suzetta@gmail.com,firefighter
829,Natka,Camden,Natka.Camden@yopmail.com,Natka.Camden@gmail.com,worker
830,Cyb,Johanna,Cyb.Johanna@yopmail.com,Cyb.Johanna@gmail.com,firefighter
831,Thalia,Bartlett,Thalia.Bartlett@yopmail.com,Thalia.Bartlett@gmail.com,doctor
832,Kaia,Shelba,Kaia.Shelba@yopmail.com,Kaia.Shelba@gmail.com,police officer
833,Tami,Wildermuth,Tami.Wildermuth@yopmail.com,Tami.Wildermuth@gmail.com,firefighter
834,Dorene,Ovid,Dorene.Ovid@yopmail.com,Dorene.Ovid@gmail.com,doctor
835,Jobi,Briney,Jobi.Briney@yopmail.com,Jobi.Briney@gmail.com,firefighter
836,Ursulina,Briney,Ursulina.Briney@yopmail.com,Ursulina.Briney@gmail.com,doctor
837,Lexine,Guildroy,Lexine.Guildroy@yopmail.com,Lexine.Guildroy@gmail.com,firefighter
838,Shirlee,Chem,Shirlee.Chem@yopmail.com,Shirlee.Chem@gmail.com,doctor
839,Alisha,Cornelia,Alisha.Cornelia@yopmail.com,Alisha.Cornelia@gmail.com,worker
840,Siana,Greyson,Siana.Greyson@yopmail.com,Siana.Greyson@gmail.com,police officer
841,Babita,Myrilla,Babita.Myrilla@yopmail.com,Babita.Myrilla@gmail.com,developer
842,Brandise,Talia,Brandise.Talia@yopmail.com,Brandise.Talia@gmail.com,doctor
843,Helena,Sancho,Helena.Sancho@yopmail.com,Helena.Sancho@gmail.com,worker
844,Ardenia,Guildroy,Ardenia.Guildroy@yopmail.com,Ardenia.Guildroy@gmail.com,worker
845,Clementine,Scammon,Clementine.Scammon@yopmail.com,Clementine.Scammon@gmail.com,doctor
846,Aigneis,Gilmour,Aigneis.Gilmour@yopmail.com,Aigneis.Gilmour@gmail.com,doctor
847,Celene,Arquit,Celene.Arquit@yopmail.com,Celene.Arquit@gmail.com,doctor
848,Cecile,Felizio,Cecile.Felizio@yopmail.com,Cecile.Felizio@gmail.com,police officer
849,Hermione,Emmy,Hermione.Emmy@yopmail.com,Hermione.Emmy@gmail.com,developer
850,Ezmeralda,Felecia,Ezmeralda.Felecia@yopmail.com,Ezmeralda.Felecia@gmail.com,doctor
851,Bernie,Armanda,Bernie.Armanda@yopmail.com,Bernie.Armanda@gmail.com,police officer
852,Kore,Oneida,Kore.Oneida@yopmail.com,Kore.Oneida@gmail.com,worker
853,Roberta,McAdams,Roberta.McAdams@yopmail.com,Roberta.McAdams@gmail.com,doctor
854,Anica,Darrell,Anica.Darrell@yopmail.com,Anica.Darrell@gmail.com,doctor
855,Dale,Taam,Dale.Taam@yopmail.com,Dale.Taam@gmail.com,doctor
856,Alyda,Dom,Alyda.Dom@yopmail.com,Alyda.Dom@gmail.com,firefighter
857,Ardys,Atcliffe,Ardys.Atcliffe@yopmail.com,Ardys.Atcliffe@gmail.com,developer
858,Tressa,Mallon,Tressa.Mallon@yopmail.com,Tressa.Mallon@gmail.com,worker
859,Kellen,Read,Kellen.Read@yopmail.com,Kellen.Read@gmail.com,worker
860,Margarette,Jotham,Margarette.Jotham@yopmail.com,Margarette.Jotham@gmail.com,worker
861,Rebeca,Gregrory,Rebeca.Gregrory@yopmail.com,Rebeca.Gregrory@gmail.com,worker
862,Chickie,Kimmie,Chickie.Kimmie@yopmail.com,Chickie.Kimmie@gmail.com,doctor
863,Ada,Clara,Ada.Clara@yopmail.com,Ada.Clara@gmail.com,firefighter
864,Teddie,Bronk,Teddie.Bronk@yopmail.com,Teddie.Bronk@gmail.com,firefighter
865,Jennica,Cristi,Jennica.Cristi@yopmail.com,Jennica.Cristi@gmail.com,developer
866,Leanna,Ashely,Leanna.Ashely@yopmail.com,Leanna.Ashely@gmail.com,doctor
867,Minne,Diann,Minne.Diann@yopmail.com,Minne.Diann@gmail.com,doctor
868,Sarette,Maurine,Sarette.Maurine@yopmail.com,Sarette.Maurine@gmail.com,firefighter
869,Juliane,Hamil,Juliane.Hamil@yopmail.com,Juliane.Hamil@gmail.com,worker
870,Kaja,Tryck,Kaja.Tryck@yopmail.com,Kaja.Tryck@gmail.com,firefighter
871,Zsa Zsa,Toni,Zsa Zsa.Toni@yopmail.com,Zsa Zsa.Toni@gmail.com,doctor
872,Dode,Cavan,Dode.Cavan@yopmail.com,Dode.Cavan@gmail.com,firefighter
873,Viviene,Briney,Viviene.Briney@yopmail.com,Viviene.Briney@gmail.com,developer
874,Winifred,Nore,Winifred.Nore@yopmail.com,Winifred.Nore@gmail.com,doctor
875,Sallie,Holtz,Sallie.Holtz@yopmail.com,Sallie.Holtz@gmail.com,doctor
876,Talya,Pelagias,Talya.Pelagias@yopmail.com,Talya.Pelagias@gmail.com,worker
877,Cacilie,Brady,Cacilie.Brady@yopmail.com,Cacilie.Brady@gmail.com,firefighter
878,Althea,Thornburg,Althea.Thornburg@yopmail.com,Althea.Thornburg@gmail.com,developer
879,Dagmar,Israeli,Dagmar.Israeli@yopmail.com,Dagmar.Israeli@gmail.com,doctor
880,Anestassia,Grimbly,Anestassia.Grimbly@yopmail.com,Anestassia.Grimbly@gmail.com,firefighter
881,Melina,Bivins,Melina.Bivins@yopmail.com,Melina.Bivins@gmail.com,police officer
882,Rozele,Thunell,Rozele.Thunell@yopmail.com,Rozele.Thunell@gmail.com,worker
883,Nerta,Wu,Nerta.Wu@yopmail.com,Nerta.Wu@gmail.com,doctor
884,Cyndie,Lymann,Cyndie.Lymann@yopmail.com,Cyndie.Lymann@gmail.com,worker
885,Selma,Simmonds,Selma.Simmonds@yopmail.com,Selma.Simmonds@gmail.com,firefighter
886,Mellicent,Dom,Mellicent.Dom@yopmail.com,Mellicent.Dom@gmail.com,worker
887,Kathi,Buttaro,Kathi.Buttaro@yopmail.com,Kathi.Buttaro@gmail.com,developer
888,Odessa,Delp,Odessa.Delp@yopmail.com,Odessa.Delp@gmail.com,developer
889,Viki,Fax,Viki.Fax@yopmail.com,Viki.Fax@gmail.com,doctor
890,Hollie,Sheedy,Hollie.Sheedy@yopmail.com,Hollie.Sheedy@gmail.com,police officer
891,Deane,Briney,Deane.Briney@yopmail.com,Deane.Briney@gmail.com,worker
892,Daune,Grimbly,Daune.Grimbly@yopmail.com,Daune.Grimbly@gmail.com,worker
893,Molli,Buffum,Molli.Buffum@yopmail.com,Molli.Buffum@gmail.com,doctor
894,Beatriz,Rodmann,Beatriz.Rodmann@yopmail.com,Beatriz.Rodmann@gmail.com,doctor
895,Kerrin,Ophelia,Kerrin.Ophelia@yopmail.com,Kerrin.Ophelia@gmail.com,worker
896,Sophia,Crudden,Sophia.Crudden@yopmail.com,Sophia.Crudden@gmail.com,worker
897,Betta,Gale,Betta.Gale@yopmail.com,Betta.Gale@gmail.com,worker
898,Carree,Hachmin,Carree.Hachmin@yopmail.com,Carree.Hachmin@gmail.com,worker
899,Elka,Dex,Elka.Dex@yopmail.com,Elka.Dex@gmail.com,doctor
900,Emmey,Schenck,Emmey.Schenck@yopmail.com,Emmey.Schenck@gmail.com,developer
901,Allis,Ade,Allis.Ade@yopmail.com,Allis.Ade@gmail.com,worker
902,Silvana,Craggie,Silvana.Craggie@yopmail.com,Silvana.Craggie@gmail.com,doctor
903,Britte,Anselmi,Britte.Anselmi@yopmail.com,Britte.Anselmi@gmail.com,firefighter
904,Gratia,Kat,Gratia.Kat@yopmail.com,Gratia.Kat@gmail.com,doctor
905,Amalie,Berard,Amalie.Berard@yopmail.com,Amalie.Berard@gmail.com,developer
906,Fawne,Martguerita,Fawne.Martguerita@yopmail.com,Fawne.Martguerita@gmail.com,firefighter
907,Maye,Shuler,Maye.Shuler@yopmail.com,Maye.Shuler@gmail.com,police officer
908,Madelle,Luhe,Madelle.Luhe@yopmail.com,Madelle.Luhe@gmail.com,worker
909,Lorie,Lane,Lorie.Lane@yopmail.com,Lorie.Lane@gmail.com,police officer
910,Gusty,Zeeba,Gusty.Zeeba@yopmail.com,Gusty.Zeeba@gmail.com,police officer
911,Frank,Bertold,Frank.Bertold@yopmail.com,Frank.Bertold@gmail.com,doctor
912,Anestassia,Cornelia,Anestassia.Cornelia@yopmail.com,Anestassia.Cornelia@gmail.com,police officer
913,Doro,Madox,Doro.Madox@yopmail.com,Doro.Madox@gmail.com,developer
914,Veda,Loleta,Veda.Loleta@yopmail.com,Veda.Loleta@gmail.com,police officer
915,Marline,Ursulette,Marline.Ursulette@yopmail.com,Marline.Ursulette@gmail.com,police officer
916,Nicoli,Ader,Nicoli.Ader@yopmail.com,Nicoli.Ader@gmail.com,doctor
917,Joleen,Nadia,Joleen.Nadia@yopmail.com,Joleen.Nadia@gmail.com,worker
918,Dorice,Land,Dorice.Land@yopmail.com,Dorice.Land@gmail.com,doctor
919,Gusty,Fontana,Gusty.Fontana@yopmail.com,Gusty.Fontana@gmail.com,developer
920,Minda,Connelly,Minda.Connelly@yopmail.com,Minda.Connelly@gmail.com,police officer
921,Marcelline,Nore,Marcelline.Nore@yopmail.com,Marcelline.Nore@gmail.com,police officer
922,Rochette,Penelopa,Rochette.Penelopa@yopmail.com,Rochette.Penelopa@gmail.com,firefighter
923,Nataline,Winnick,Nataline.Winnick@yopmail.com,Nataline.Winnick@gmail.com,firefighter
924,Barbara,Linskey,Barbara.Linskey@yopmail.com,Barbara.Linskey@gmail.com,doctor
925,Dorice,Hortensia,Dorice.Hortensia@yopmail.com,Dorice.Hortensia@gmail.com,police officer
926,Marjie,Holtz,Marjie.Holtz@yopmail.com,Marjie.Holtz@gmail.com,developer
927,Brandise,Daveta,Brandise.Daveta@yopmail.com,Brandise.Daveta@gmail.com,doctor
928,Emma,Ehrman,Emma.Ehrman@yopmail.com,Emma.Ehrman@gmail.com,firefighter
929,Corene,Adrienne,Corene.Adrienne@yopmail.com,Corene.Adrienne@gmail.com,firefighter
930,Paule,Raseda,Paule.Raseda@yopmail.com,Paule.Raseda@gmail.com,developer
931,Hope,Johnsson,Hope.Johnsson@yopmail.com,Hope.Johnsson@gmail.com,developer
932,Sissy,Bobbee,Sissy.Bobbee@yopmail.com,Sissy.Bobbee@gmail.com,doctor
933,Adele,Allina,Adele.Allina@yopmail.com,Adele.Allina@gmail.com,doctor
934,Myriam,Decato,Myriam.Decato@yopmail.com,Myriam.Decato@gmail.com,developer
935,Amara,Stelle,Amara.Stelle@yopmail.com,Amara.Stelle@gmail.com,firefighter
936,Jackie,Zamora,Jackie.Zamora@yopmail.com,Jackie.Zamora@gmail.com,police officer
937,Pollyanna,Mich,Pollyanna.Mich@yopmail.com,Pollyanna.Mich@gmail.com,developer
938,Josephine,Pattin,Josephine.Pattin@yopmail.com,Josephine.Pattin@gmail.com,worker
939,Marjie,Longfellow,Marjie.Longfellow@yopmail.com,Marjie.Longfellow@gmail.com,developer
940,Hayley,Quent,Hayley.Quent@yopmail.com,Hayley.Quent@gmail.com,firefighter
941,Millie,Solitta,Millie.Solitta@yopmail.com,Millie.Solitta@gmail.com,police officer
942,Asia,Fabiola,Asia.Fabiola@yopmail.com,Asia.Fabiola@gmail.com,doctor
943,Stacey,Cutlerr,Stacey.Cutlerr@yopmail.com,Stacey.Cutlerr@gmail.com,developer
944,Alameda,Kylander,Alameda.Kylander@yopmail.com,Alameda.Kylander@gmail.com,firefighter
945,Jessy,Charmine,Jessy.Charmine@yopmail.com,Jessy.Charmine@gmail.com,doctor
946,Chastity,Maribeth,Chastity.Maribeth@yopmail.com,Chastity.Maribeth@gmail.com,police officer
947,Justinn,Zuzana,Justinn.Zuzana@yopmail.com,Justinn.Zuzana@gmail.com,firefighter
948,Emelina,Raimondo,Emelina.Raimondo@yopmail.com,Emelina.Raimondo@gmail.com,firefighter
949,Sam,Florina,Sam.Florina@yopmail.com,Sam.Florina@gmail.com,firefighter
950,Lelah,Jotham,Lelah.Jotham@yopmail.com,Lelah.Jotham@gmail.com,worker
951,Gwenneth,Nedrud,Gwenneth.Nedrud@yopmail.com,Gwenneth.Nedrud@gmail.com,police officer
952,Diena,Sekofski,Diena.Sekofski@yopmail.com,Diena.Sekofski@gmail.com,firefighter
953,Hollie,Noman,Hollie.Noman@yopmail.com,Hollie.Noman@gmail.com,doctor
954,Rochette,Allina,Rochette.Allina@yopmail.com,Rochette.Allina@gmail.com,firefighter
955,Emylee,Kellby,Emylee.Kellby@yopmail.com,Emylee.Kellby@gmail.com,developer
956,Dione,Thunell,Dione.Thunell@yopmail.com,Dione.Thunell@gmail.com,firefighter
957,Deane,Albertine,Deane.Albertine@yopmail.com,Deane.Albertine@gmail.com,developer
958,Sabina,Autrey,Sabina.Autrey@yopmail.com,Sabina.Autrey@gmail.com,doctor
959,Mamie,Kronfeld,Mamie.Kronfeld@yopmail.com,Mamie.Kronfeld@gmail.com,firefighter
960,Maud,Isacco,Maud.Isacco@yopmail.com,Maud.Isacco@gmail.com,developer
961,Emelina,Madelene,Emelina.Madelene@yopmail.com,Emelina.Madelene@gmail.com,police officer
962,Sharlene,Ezar,Sharlene.Ezar@yopmail.com,Sharlene.Ezar@gmail.com,police officer
963,Deloria,Weinreb,Deloria.Weinreb@yopmail.com,Deloria.Weinreb@gmail.com,developer
964,Mallory,Hailee,Mallory.Hailee@yopmail.com,Mallory.Hailee@gmail.com,police officer
965,Elsie,Sholley,Elsie.Sholley@yopmail.com,Elsie.Sholley@gmail.com,developer
966,Danny,Cimbura,Danny.Cimbura@yopmail.com,Danny.Cimbura@gmail.com,worker
967,Cindelyn,Millda,Cindelyn.Millda@yopmail.com,Cindelyn.Millda@gmail.com,developer
968,Jeanna,Wu,Jeanna.Wu@yopmail.com,Jeanna.Wu@gmail.com,police officer
969,Dolli,Joseph,Dolli.Joseph@yopmail.com,Dolli.Joseph@gmail.com,police officer
970,Melodie,Milson,Melodie.Milson@yopmail.com,Melodie.Milson@gmail.com,police officer
971,Verla,Haerr,Verla.Haerr@yopmail.com,Verla.Haerr@gmail.com,developer
972,Zaria,Wesle,Zaria.Wesle@yopmail.com,Zaria.Wesle@gmail.com,doctor
973,Ira,Weinreb,Ira.Weinreb@yopmail.com,Ira.Weinreb@gmail.com,police officer
974,Bibby,Zina,Bibby.Zina@yopmail.com,Bibby.Zina@gmail.com,police officer
975,Merci,Love,Merci.Love@yopmail.com,Merci.Love@gmail.com,police officer
976,Cathyleen,Bohlin,Cathyleen.Bohlin@yopmail.com,Cathyleen.Bohlin@gmail.com,doctor
977,Raf,Winthorpe,Raf.Winthorpe@yopmail.com,Raf.Winthorpe@gmail.com,worker
978,Cassondra,Pernick,Cassondra.Pernick@yopmail.com,Cassondra.Pernick@gmail.com,police officer
979,Elora,Sundin,Elora.Sundin@yopmail.com,Elora.Sundin@gmail.com,police officer
980,Ardenia,Ummersen,Ardenia.Ummersen@yopmail.com,Ardenia.Ummersen@gmail.com,doctor
981,Aurelie,Melan,Aurelie.Melan@yopmail.com,Aurelie.Melan@gmail.com,police officer
982,Ricky,Gabrielli,Ricky.Gabrielli@yopmail.com,Ricky.Gabrielli@gmail.com,firefighter
983,Kaia,Weinreb,Kaia.Weinreb@yopmail.com,Kaia.Weinreb@gmail.com,police officer
984,Maurene,Cottle,Maurene.Cottle@yopmail.com,Maurene.Cottle@gmail.com,police officer
985,Nadine,Koehler,Nadine.Koehler@yopmail.com,Nadine.Koehler@gmail.com,police officer
986,Roxane,Morrill,Roxane.Morrill@yopmail.com,Roxane.Morrill@gmail.com,firefighter
987,Charissa,Center,Charissa.Center@yopmail.com,Charissa.Center@gmail.com,police officer
988,Ayn,Elvyn,Ayn.Elvyn@yopmail.com,Ayn.Elvyn@gmail.com,police officer
989,Barbara,Jacqui,Barbara.Jacqui@yopmail.com,Barbara.Jacqui@gmail.com,doctor
990,Charissa,Grobe,Charissa.Grobe@yopmail.com,Charissa.Grobe@gmail.com,doctor
991,Sue,Skell,Sue.Skell@yopmail.com,Sue.Skell@gmail.com,firefighter
992,Gertrud,Drisko,Gertrud.Drisko@yopmail.com,Gertrud.Drisko@gmail.com,police officer
993,Minne,Ilka,Minne.Ilka@yopmail.com,Minne.Ilka@gmail.com,developer
994,Ivett,Jeanne,Ivett.Jeanne@yopmail.com,Ivett.Jeanne@gmail.com,firefighter
995,Farrah,Birdella,Farrah.Birdella@yopmail.com,Farrah.Birdella@gmail.com,doctor
996,Sheelagh,Wareing,Sheelagh.Wareing@yopmail.com,Sheelagh.Wareing@gmail.com,doctor
997,Quintina,Vernier,Quintina.Vernier@yopmail.com,Quintina.Vernier@gmail.com,firefighter
998,Cristabel,Romelda,Cristabel.Romelda@yopmail.com,Cristabel.Romelda@gmail.com,police officer
999,Sherrie,Even,Sherrie.Even@yopmail.com,Sherrie.Even@gmail.com,doctor
1000,Janeczka,Monk,Janeczka.Monk@yopmail.com,Janeczka.Monk@gmail.com,worker
1001,Aubrie,Nester,Aubrie.Nester@yopmail.com,Aubrie.Nester@gmail.com,developer
1002,Brynna,Weaks,Brynna.Weaks@yopmail.com,Brynna.Weaks@gmail.com,developer
1003,Ardenia,Corilla,Ardenia.Corilla@yopmail.com,Ardenia.Corilla@gmail.com,developer
1004,Pamella,Duwalt,Pamella.Duwalt@yopmail.com,Pamella.Duwalt@gmail.com,worker
1005,Esmeralda,Belanger,Esmeralda.Belanger@yopmail.com,Esmeralda.Belanger@gmail.com,firefighter
1006,Tomasina,Helfand,Tomasina.Helfand@yopmail.com,Tomasina.Helfand@gmail.com,police officer
1007,Gilda,Tengdin,Gilda.Tengdin@yopmail.com,Gilda.Tengdin@gmail.com,developer
1008,Wynne,Colyer,Wynne.Colyer@yopmail.com,Wynne.Colyer@gmail.com,firefighter
1009,Heida,Ezar,Heida.Ezar@yopmail.com,Heida.Ezar@gmail.com,worker
1010,Goldie,Toffic,Goldie.Toffic@yopmail.com,Goldie.Toffic@gmail.com,doctor
1011,Donnie,Germann,Donnie.Germann@yopmail.com,Donnie.Germann@gmail.com,firefighter
1012,Codie,Maurine,Codie.Maurine@yopmail.com,Codie.Maurine@gmail.com,developer
1013,Melisent,Maples,Melisent.Maples@yopmail.com,Melisent.Maples@gmail.com,developer
1014,Mellicent,Harned,Mellicent.Harned@yopmail.com,Mellicent.Harned@gmail.com,developer
1015,Andree,Burkle,Andree.Burkle@yopmail.com,Andree.Burkle@gmail.com,worker
1016,Sarette,Monaco,Sarette.Monaco@yopmail.com,Sarette.Monaco@gmail.com,firefighter
1017,Diena,Elbertina,Diena.Elbertina@yopmail.com,Diena.Elbertina@gmail.com,doctor
1018,Cathyleen,Nedrud,Cathyleen.Nedrud@yopmail.com,Cathyleen.Nedrud@gmail.com,worker
1019,Korrie,Juan,Korrie.Juan@yopmail.com,Korrie.Juan@gmail.com,doctor
1020,Dede,Sharl,Dede.Sharl@yopmail.com,Dede.Sharl@gmail.com,worker
1021,Agnese,Burkle,Agnese.Burkle@yopmail.com,Agnese.Burkle@gmail.com,police officer
1022,Dawn,Mike,Dawn.Mike@yopmail.com,Dawn.Mike@gmail.com,worker
1023,Carol-Jean,Eldrid,Carol-Jean.Eldrid@yopmail.com,Carol-Jean.Eldrid@gmail.com,worker
1024,Ingrid,Euridice,Ingrid.Euridice@yopmail.com,Ingrid.Euridice@gmail.com,police officer
1025,Candy,Halla,Candy.Halla@yopmail.com,Candy.Halla@gmail.com,developer
1026,Anestassia,Septima,Anestassia.Septima@yopmail.com,Anestassia.Septima@gmail.com,developer
1027,Melisent,Cavan,Melisent.Cavan@yopmail.com,Melisent.Cavan@gmail.com,firefighter
1028,Tilly,Dichy,Tilly.Dichy@yopmail.com,Tilly.Dichy@gmail.com,police officer
1029,Wendi,Chinua,Wendi.Chinua@yopmail.com,Wendi.Chinua@gmail.com,developer
1030,Charissa,Friede,Charissa.Friede@yopmail.com,Charissa.Friede@gmail.com,developer
1031,Sue,Vivle,Sue.Vivle@yopmail.com,Sue.Vivle@gmail.com,firefighter
1032,Consuela,Othilia,Consuela.Othilia@yopmail.com,Consuela.Othilia@gmail.com,doctor
1033,Grier,Lauraine,Grier.Lauraine@yopmail.com,Grier.Lauraine@gmail.com,worker
1034,Gerrie,Sophronia,Gerrie.Sophronia@yopmail.com,Gerrie.Sophronia@gmail.com,firefighter
1035,Shandie,Yerkovich,Shandie.Yerkovich@yopmail.com,Shandie.Yerkovich@gmail.com,police officer
1036,Cissiee,Llovera,Cissiee.Llovera@yopmail.com,Cissiee.Llovera@gmail.com,police officer
1037,Kenna,Winthorpe,Kenna.Winthorpe@yopmail.com,Kenna.Winthorpe@gmail.com,worker
1038,Bernardine,Janith,Bernardine.Janith@yopmail.com,Bernardine.Janith@gmail.com,police officer
1039,Bertine,Wittie,Bertine.Wittie@yopmail.com,Bertine.Wittie@gmail.com,developer
1040,Mallory,Hertzfeld,Mallory.Hertzfeld@yopmail.com,Mallory.Hertzfeld@gmail.com,firefighter
1041,Carilyn,Emmaline,Carilyn.Emmaline@yopmail.com,Carilyn.Emmaline@gmail.com,firefighter
1042,Anallese,MacIntosh,Anallese.MacIntosh@yopmail.com,Anallese.MacIntosh@gmail.com,doctor
1043,Betta,Raseda,Betta.Raseda@yopmail.com,Betta.Raseda@gmail.com,police officer
1044,Dede,Codding,Dede.Codding@yopmail.com,Dede.Codding@gmail.com,worker
1045,Sashenka,Marcellus,Sashenka.Marcellus@yopmail.com,Sashenka.Marcellus@gmail.com,doctor
1046,Ruthe,Gillan,Ruthe.Gillan@yopmail.com,Ruthe.Gillan@gmail.com,police officer
1047,Shel,Rubie,Shel.Rubie@yopmail.com,Shel.Rubie@gmail.com,police officer
1048,Fanchon,Horan,Fanchon.Horan@yopmail.com,Fanchon.Horan@gmail.com,worker
1049,Consuela,Orlene,Consuela.Orlene@yopmail.com,Consuela.Orlene@gmail.com,worker
1050,Shauna,Morrill,Shauna.Morrill@yopmail.com,Shauna.Morrill@gmail.com,worker
1051,Kial,Joni,Kial.Joni@yopmail.com,Kial.Joni@gmail.com,police officer
1052,Marita,Dunkin,Marita.Dunkin@yopmail.com,Marita.Dunkin@gmail.com,police officer
1053,Cindelyn,Pillsbury,Cindelyn.Pillsbury@yopmail.com,Cindelyn.Pillsbury@gmail.com,firefighter
1054,Estell,Ferrell,Estell.Ferrell@yopmail.com,Estell.Ferrell@gmail.com,police officer
1055,Elsie,Calhoun,Elsie.Calhoun@yopmail.com,Elsie.Calhoun@gmail.com,developer
1056,Laure,Robertson,Laure.Robertson@yopmail.com,Laure.Robertson@gmail.com,doctor
1057,Roberta,Peti,Roberta.Peti@yopmail.com,Roberta.Peti@gmail.com,developer
1058,Barbi,Helfand,Barbi.Helfand@yopmail.com,Barbi.Helfand@gmail.com,worker
1059,Norine,Chabot,Norine.Chabot@yopmail.com,Norine.Chabot@gmail.com,doctor
1060,Corly,Rudolph,Corly.Rudolph@yopmail.com,Corly.Rudolph@gmail.com,firefighter
1061,Oralee,Monaco,Oralee.Monaco@yopmail.com,Oralee.Monaco@gmail.com,police officer
1062,Johna,Clywd,Johna.Clywd@yopmail.com,Johna.Clywd@gmail.com,police officer
1063,Kimmy,Martguerita,Kimmy.Martguerita@yopmail.com,Kimmy.Martguerita@gmail.com,police officer
1064,Ericka,Haymes,Ericka.Haymes@yopmail.com,Ericka.Haymes@gmail.com,police officer
1065,Alleen,Cutlerr,Alleen.Cutlerr@yopmail.com,Alleen.Cutlerr@gmail.com,doctor
1066,Candi,Bashemeth,Candi.Bashemeth@yopmail.com,Candi.Bashemeth@gmail.com,police officer
1067,Kimberley,Wenoa,Kimberley.Wenoa@yopmail.com,Kimberley.Wenoa@gmail.com,doctor
1068,Kaja,Sekofski,Kaja.Sekofski@yopmail.com,Kaja.Sekofski@gmail.com,police officer
1069,Ardenia,Thilda,Ardenia.Thilda@yopmail.com,Ardenia.Thilda@gmail.com,firefighter
1070,Nicoli,Glenden,Nicoli.Glenden@yopmail.com,Nicoli.Glenden@gmail.com,doctor
1071,Marguerite,Pattin,Marguerite.Pattin@yopmail.com,Marguerite.Pattin@gmail.com,firefighter
1072,Ericka,Shanley,Ericka.Shanley@yopmail.com,Ericka.Shanley@gmail.com,developer
1073,Ninnetta,Carlson,Ninnetta.Carlson@yopmail.com,Ninnetta.Carlson@gmail.com,doctor
1074,Almeta,Tjon,Almeta.Tjon@yopmail.com,Almeta.Tjon@gmail.com,firefighter
1075,Jacquetta,Uird,Jacquetta.Uird@yopmail.com,Jacquetta.Uird@gmail.com,firefighter
1076,Harrietta,Waldron,Harrietta.Waldron@yopmail.com,Harrietta.Waldron@gmail.com,developer
1077,Dorice,Wittie,Dorice.Wittie@yopmail.com,Dorice.Wittie@gmail.com,developer
1078,Emylee,Lemuela,Emylee.Lemuela@yopmail.com,Emylee.Lemuela@gmail.com,developer
1079,Hermione,Septima,Hermione.Septima@yopmail.com,Hermione.Septima@gmail.com,worker
1080,Margalo,Evvie,Margalo.Evvie@yopmail.com,Margalo.Evvie@gmail.com,worker
1081,Edith,Durware,Edith.Durware@yopmail.com,Edith.Durware@gmail.com,police officer
1082,Lelah,Borrell,Lelah.Borrell@yopmail.com,Lelah.Borrell@gmail.com,firefighter
1083,Angelique,Abbot,Angelique.Abbot@yopmail.com,Angelique.Abbot@gmail.com,firefighter
1084,Donnie,Jena,Donnie.Jena@yopmail.com,Donnie.Jena@gmail.com,police officer
1085,Orsola,Hanleigh,Orsola.Hanleigh@yopmail.com,Orsola.Hanleigh@gmail.com,firefighter
1086,Ivett,Engdahl,Ivett.Engdahl@yopmail.com,Ivett.Engdahl@gmail.com,police officer
1087,Kirbee,Moseley,Kirbee.Moseley@yopmail.com,Kirbee.Moseley@gmail.com,police officer
1088,Rosabelle,Goode,Rosabelle.Goode@yopmail.com,Rosabelle.Goode@gmail.com,developer
1089,Correy,Kress,Correy.Kress@yopmail.com,Correy.Kress@gmail.com,worker
1090,Joleen,Hermes,Joleen.Hermes@yopmail.com,Joleen.Hermes@gmail.com,police officer
1091,Damaris,Wallis,Damaris.Wallis@yopmail.com,Damaris.Wallis@gmail.com,developer
1092,Elora,Alfons,Elora.Alfons@yopmail.com,Elora.Alfons@gmail.com,developer
1093,Bernie,Corilla,Bernie.Corilla@yopmail.com,Bernie.Corilla@gmail.com,firefighter
1094,Karina,O'Rourke,Karina.O'Rourke@yopmail.com,Karina.O'Rourke@gmail.com,doctor
1095,Hallie,Destinee,Hallie.Destinee@yopmail.com,Hallie.Destinee@gmail.com,worker
1096,Charlena,Phaidra,Charlena.Phaidra@yopmail.com,Charlena.Phaidra@gmail.com,worker
1097,Vinita,Devlen,Vinita.Devlen@yopmail.com,Vinita.Devlen@gmail.com,developer
1098,Amara,Faria,Amara.Faria@yopmail.com,Amara.Faria@gmail.com,worker
1099,Alie,Lorain,Alie.Lorain@yopmail.com,Alie.Lorain@gmail.com,worker